cid,id
4100.0,0
4107.0,1
13290219.0,2
3038.0,3
1986.0,4
20298.0,5
9847786.0,6
9279.0,7
5748.0,8
6461.0,9
101587.0,10
6126.0,11
441344.0,12
11548.0,13
657201.0,14
21867154.0,14
12310714.0,15
174174.0,15
5593.0,16
6000.0,16
216457.0,17
444030.0,18
11519741.0,19
6114.0,20
11431811.0,21
9849808.0,22
22162.0,23
6060.0,24
187.0,24
5831.0,25
2551.0,25
5910.0,26
5909.0,27
66577068.0,28
25137844.0,28
2684.0,28
19004.0,29
16738693.0,30
5459110.0,31
23724781.0,31
4634.0,32
91505.0,33
66061.0,34
11693.0,35
3494.0,35
6284.0,36
5284631.0,37
60837.0,38
16134956.0,43
16157882.0,44
53396299.0,44
11125.0,45
2724118.0,46
3028194.0,46
216237.0,48
443894.0,48
216322.0,49
70788982.0,50
6918010.0,51
16132393.0,52
155817470.0,52
3034010.0,54
5717.0,55
23663996.0,56
16129703.0,57
16129704.0,58
118856773.0,59
135566083.0,60
92722.0,61
152951.0,61
16130295.0,66
5526.0,68
564.0,69
68844.0,70
6918132.0,71
5284627.0,72
656631.0,73
123607.0,74
6918092.0,75
9961878.0,76
62770.0,77
443939.0,78
51082.0,79
454216.0,80
636362.0,81
54891.0,82
5484727.0,83
54889.0,84
6917719.0,85
5462501.0,85
5362129.0,86
23666105.0,87
5362123.0,88
44093.0,89
441313.0,90
5362118.0,91
5362119.0,91
5388961.0,92
6850814.0,93
638678.0,94
5280723.0,95
149351.0,95
5311.0,96
37542.0,100
11557040.0,104
208908.0,104
6419902.0,106
157313.0,107
71473.0,108
63002.0,109
13770.0,110
5281066.0,111
6433334.0,112
6014.0,113
54360.0,114
5281067.0,115
5284451.0,116
55182.0,117
2678.0,117
5282402.0,118
14676.0,119
5281070.0,120
3957.0,121
5281068.0,122
5281069.0,123
54384.0,124
519514.0,125
71802.0,126
173612.0,127
65513.0,128
5282409.0,129
19371515.0,130
5284514.0,131
5284472.0,132
197066.0,133
91513.0,134
3658.0,134
124087.0,135
8980.0,136
5282139.0,137
11224.0,138
9066.0,139
158798.0,140
9955977.0,141
164521.0,142
66063.0,143
5282408.0,144
65463.0,145
10660.0,146
441281.0,146
5282485.0,147
14677.0,148
174697.0,149
3100.0,149
9568.0,150
83823.0,151
6048.0,152
5282318.0,153
110635.0,159
135438569.0,160
135413523.0,161
9869929.0,162
11954258.0,163
5282398.0,164
3389.0,165
4748.0,166
101584.0,167
4917.0,168
67356.0,169
54746.0,170
5281032.0,168
3388.0,171
5281082.0,172
667467.0,173
667466.0,173
66069.0,174
11954293.0,175
60795.0,176
9852746.0,177
71360.0,178
36207.0,179
441347.0,180
9883259.0,181
115237.0,182
941651.0,183
11954259.0,183
5568.0,184
45055432.0,185
16133812.0,186
23699544.0,187
11751549.0,188
3749.0,189
60846.0,190
11954381.0,191
130881.0,192
2540.0,193
5282474.0,194
65999.0,195
5281072.0,196
6915830.0,197
1349907.0,199
657298.0,200
38101.0,202
34359.0,202
11525740.0,203
6456015.0,204
5312125.0,206
6917787.0,207
9065.0,208
176871.0,211
123631.0,212
6047.0,213
6604100.0,214
25078429.0,219
25074887.0,219
49800010.0,220
11980076.0,221
16131215.0,222
16186010.0,223
16052011.0,224
25084151.0,225
23624131.0,226
25074469.0,227
23724914.0,228
657180.0,229
57363.0,230
60490.0,231
135413496.0,232
23663959.0,233
4075.0,234
135413505.0,235
5339.0,236
5359476.0,236
66007.0,237
101597.0,238
92151.0,239
197083.0,240
207841.0,241
66266.0,242
3000322.0,243
71177.0,244
122824.0,245
3246155.0,246
16757572.0,247
3062316.0,248
5328940.0,249
11167602.0,250
123596.0,251
135449331.0,253
2249.0,254
60656.0,255
441307.0,256
104769.0,257
71172.0,258
5281064.0,259
5284409.0,260
4828.0,261
656682.0,262
31477.0,262
65324.0,263
65340.0,264
4411.0,265
39147.0,265
62882.0,266
38010.0,267
66245.0,268
6440651.0,269
107952.0,270
2369.0,270
5281056.0,271
62937.0,272
6420057.0,273
9933004.0,274
36708.0,275
33624.0,276
21863269.0,278
197758.0,279
5462351.0,277
2471.0,280
3278.0,281
41781.0,282
3440.0,283
23668825.0,284
3702.0,285
4170.0,286
2910.0,287
2343.0,288
2720.0,289
23675744.0,290
6307.0,291
4121.0,292
3639.0,293
2315.0,294
3647.0,295
5560.0,296
2732.0,297
4870.0,298
156418.0,299
3019.0,300
71717894.0,301
60857.0,302
152943.0,303
60875.0,304
4440.0,304
77997.0,305
5358.0,306
59772.0,307
6918119.0,308
4595.0,309
65264.0,310
3510.0,311
5284566.0,311
6918303.0,312
59774.0,313
60758.0,314
16158172.0,315
6918289.0,316
23724530.0,316
5284616.0,317
6442177.0,318
6509979.0,319
5282315.0,320
445643.0,320
406563.0,321
439693.0,322
23663956.0,323
16760703.0,324
3121.0,325
125017.0,326
62878.0,327
146571.0,328
68539.0,329
77995.0,330
9560989.0,331
63009.0,332
9845306.0,333
62857.0,334
3386.0,334
65477.0,335
6918313.0,336
62935.0,337
62923.0,338
11065.0,339
2170.0,340
9800068.0,341
60834.0,342
8228.0,343
24904.0,344
13208114.0,345
54911.0,346
441358.0,347
6603149.0,348
60560.0,349
5281055.0,350
5591.0,351
16129665.0,352
16158474.0,352
11350701.0,354
3463.0,355
3339.0,356
2796.0,357
64929.0,358
70691471.0,360
134018.0,361
135401907.0,362
2094.0,362
54680692.0,363
4760.0,364
54676038.0,365
23706212.0,366
16204922.0,367
3117.0,368
3002977.0,369
5702160.0,370
3325.0,370
50963.0,371
16051987.0,372
4513.0,373
3033637.0,373
47909.0,374
2756.0,375
62984.0,376
5883.0,377
16088021.0,378
11591741.0,379
10096344.0,380
49800073.0,381
36431.0,382
5284373.0,383
772.0,384
636380.0,389
5790.0,390
135413520.0,391
60953.0,392
3385.0,393
44362115.0,399
16133802.0,400
16129617.0,400
16133751.0,400
3899.0,402
54684141.0,403
441350.0,404
71329.0,405
5281065.0,406
441325.0,407
2157.0,407
7638.0,408
9015.0,409
5280795.0,413
5280793.0,414
5288783.0,415
5281104.0,416
5280453.0,417
6441383.0,418
5283731.0,418
5281107.0,419
46705423.0,419
13769.0,420
2187.0,421
3902.0,422
60198.0,423
2145.0,424
41022.0,425
521951.0,426
56959.0,427
44146714.0,447
16137271.0,458
71171.0,459
88922160.0,460
3964.0,461
6240.0,462
135398737.0,463
2818.0,463
22576.0,464
2726.0,465
6433356.0,466
18104.0,466
3168.0,467
71400.0,468
71399.0,469
11237860.0,470
4205.0,471
135398745.0,472
4585.0,472
135566032.0,473
5887.0,474
5281025.0,475
16362.0,476
5073.0,477
3559.0,478
52919.0,479
16051968.0,480
5452.0,481
66062.0,482
66064.0,483
60853.0,484
656685.0,485
11673085.0,486
44278361.0,488
6918427.0,489
9868491.0,490
5311221.0,491
5282226.0,492
5282415.0,493
5311027.0,494
5281074.0,495
45266502.0,495
444000.0,496
11289.0,497
54900.0,498
23663403.0,500
9444.0,501
451668.0,502
443872.0,503
5952.0,504
225609.0,505
5833.0,506
11876263.0,507
68873.0,508
4497.0,509
3333.0,510
6918140.0,511
5311181.0,512
6435378.0,512
6364626.0,513
44154280.0,514
219024.0,514
3108.0,517
5284583.0,518
44152182.0,519
60164.0,520
2197.0,521
3081361.0,522
4236.0,523
9690109.0,524
22382900.0,525
3007.0,526
222898.0,527
11984562.0,528
62884.0,529
154100.0,530
20567238.0,531
5826.0,532
49800024.0,533
5825.0,534
44148177.0,535
91442.0,536
11597697.0,537
9280.0,538
4158.0,539
134129837.0,540
92159.0,541
5462347.0,542
23724882.0,543
71420.0,544
9971980.0,545
64761.0,546
53447387.0,547
6432394.0,548
83932.0,549
13810.0,550
5462350.0,551
6321225.0,552
33544.0,553
5488548.0,554
5750.0,555
14184.0,556
15424.0,557
20831727.0,558
18601660.0,559
60814.0,560
5361917.0,561
65494.0,562
3345.0,563
39371.0,564
9848989.0,565
197194.0,566
3033053.0,567
16051989.0,568
9838021.0,569
24840146.0,570
9848990.0,571
644073.0,571
16051988.0,572
4659569.0,573
5281081.0,574
5824.0,575
5741.0,576
9434.0,577
7550.0,578
121587.0,579
5936.0,580
8307.0,581
10547.0,582
5965.0,583
8288.0,584
135445761.0,585
25102846.0,589
4211.0,592
5865.0,593
443943.0,594
247839.0,595
443936.0,596
9782.0,597
5754.0,598
6436.0,599
223253.0,600
32798.0,601
23694214.0,602
9878.0,603
31312.0,604
65478.0,605
444025.0,606
9865442.0,606
93055.0,607
5755.0,608
82153.0,609
443928.0,610
21800.0,611
443967.0,612
16961.0,613
23680530.0,614
5311066.0,615
6714002.0,616
21700.0,617
71414.0,618
443980.0,619
6918178.0,620
441406.0,621
240767.0,622
6741.0,623
31307.0,624
9642.0,625
9854489.0,626
5311067.0,627
5282492.0,628
6216.0,629
5282494.0,630
443958.0,631
636374.0,632
441409.0,633
5744.0,634
441336.0,635
236702.0,636
26133.0,637
5876.0,638
21826.0,639
5282493.0,640
5284587.0,641
6918155.0,642
6215.0,643
5834.0,644
5281004.0,645
5743.0,646
16533.0,647
5745.0,648
5311412.0,649
5877.0,650
636398.0,651
15209.0,652
444036.0,653
55245.0,654
3052775.0,655
26758.0,656
26757.0,657
444254.0,659
9811704.0,659
31401.0,660
10133.0,661
439302.0,662
148121.0,663
11329481.0,664
49659.0,665
51634.0,666
2733525.0,668
5870.0,669
5757.0,670
9818306.0,671
13791.0,672
60974.0,673
5991.0,674
667476.0,675
9403.0,676
5284555.0,677
6291.0,678
448537.0,679
3054.0,679
117965.0,680
2474.0,681
64737.0,682
441314.0,683
16051931.0,685
71478.0,686
68552.0,687
4771.0,688
14675.0,689
65327.0,690
6100.0,691
86471.0,692
54840.0,693
70969.0,694
11558159.0,695
9802673.0,696
9581.0,697
65015.0,698
6918172.0,700
2578.0,701
25127112.0,702
50992434.0,703
135409471.0,704
66653479.0,706
24812758.0,706
134129852.0,707
70789197.0,707
1254.0,708
9821849.0,709
656583.0,710
5282381.0,711
11626560.0,712
9865528.0,713
16220172.0,715
54684461.0,716
54671203.0,716
54694363.0,717
54686183.0,716
2733.0,719
1548943.0,721
44516822.0,722
42611257.0,723
70683012.0,724
16139605.0,724
157920.0,725
6231.0,726
6917715.0,727
11683.0,728
5832.0,729
6279.0,730
6230.0,731
169870.0,732
9051.0,733
5994.0,734
16051930.0,735
4542.0,735
6540478.0,736
13109.0,735
40973.0,737
130904.0,738
9568628.0,739
62930.0,739
9270.0,740
28417.0,741
24776445.0,742
5342.0,743
4911.0,744
9924495.0,745
104865.0,746
6918493.0,747
89594.0,748
53486179.0,749
16158208.0,750
16760285.0,751
4194514.0,752
121586.0,753
68740.0,753
23663991.0,754
60342.0,755
53232.0,756
23663992.0,757
5282451.0,758
16760425.0,759
5282455.0,760
16759173.0,761
60822.0,762
54454.0,763
2161.0,764
3182.0,765
449193.0,766
2153.0,767
23663537.0,768
441345.0,769
3354.0,769
9433.0,770
5352062.0,771
57515973.0,771
3036505.0,776
3032325.0,777
9046.0,778
104741.0,779
17756771.0,779
3005572.0,780
448812.0,782
60946.0,783
4594.0,784
9578005.0,785
130564.0,786
14720269.0,787
23684923.0,788
3883.0,789
23674541.0,790
171359947.0,786
3295.0,791
5359390.0,794
5360515.0,795
9953630.0,796
21155870.0,797
5485201.0,798
5360733.0,799
5311304.0,799
5464092.0,800
5284596.0,800
134156377.0,801
36314.0,803
148123.0,804
148124.0,804
17755248.0,805
9854073.0,806
6167.0,807
2833.0,807
6445540.0,808
249332.0,809
16051941.0,810
5388983.0,811
46908927.0,814
2585.0,815
9827459.0,816
656677.0,817
40127.0,818
5807.0,819
155434.0,820
64150.0,821
181458.0,822
3331.0,823
15851.0,824
135413494.0,825
208902.0,826
11236066.0,827
6918081.0,828
114869.0,829
20179.0,830
17276.0,831
71401.0,832
2803.0,833
51763.0,834
38853.0,835
5702062.0,836
164739.0,837
47812.0,838
118984456.0,839
44630434.0,840
71764.0,841
62978.0,842
6081.0,843
6419984.0,844
18340.0,845
5284443.0,846
68546.0,847
5362376.0,848
63016.0,849
23690315.0,850
1983.0,851
156391.0,852
23681059.0,853
114753.0,854
5018304.0,855
64747.0,856
3059.0,857
3672.0,850
151075.0,859
104811.0,860
23706216.0,861
2244.0,862
23665411.0,863
23667642.0,864
3715.0,865
11954316.0,866
3394.0,867
84003.0,868
1548887.0,869
23674731.0,870
23694685.0,871
4044.0,872
9841440.0,873
4614.0,874
4781.0,875
54676228.0,876
5359.0,877
3825.0,878
36462.0,879
452548.0,880
4740.0,881
6241.0,882
2519.0,883
60961.0,884
4510.0,885
145068.0,886
27661.0,888
6883.0,889
5281078.0,890
446541.0,891
6441022.0,892
2723601.0,893
6917964.0,894
4201.0,895
55329.0,896
4826.0,896
11079.0,898
10648.0,899
91430.0,900
66259.0,901
5284441.0,903
61100.0,904
9373.0,905
3759.0,906
91885457.0,907
3476.0,908
3488.0,909
2727.0,910
23690448.0,911
3478.0,912
1989.0,913
5503.0,914
65981.0,915
5311309.0,916
5505.0,917
5546.0,918
68540.0,919
3657.0,921
119182.0,922
60749.0,923
30751.0,924
61635.0,925
6450551.0,926
153994.0,927
3784.0,928
62920.0,929
219025.0,930
6435922.0,931
62969.0,932
4485.0,933
168918.0,934
60496.0,935
41114.0,936
4499.0,937
9952812.0,938
77991.0,939
2723754.0,940
13221.0,943
5849.0,944
441310.0,945
637568.0,946
23677961.0,947
23666110.0,948
8730.0,947
5920.0,949
23667619.0,950
23663870.0,951
2284.0,952
115355.0,953
441361.0,954
5281034.0,955
3397.0,956
4493.0,957
224004.0,958
2375.0,959
6010.0,960
13765.0,961
25249.0,962
5995.0,963
9416.0,964
9677.0,965
5878.0,966
441404.0,967
6013.0,968
6446.0,969
15951529.0,970
229455.0,971
135413539.0,972
2769.0,973
44482554.0,974
2083.0,975
171674.0,976
8699.0,977
123601.0,978
53241147.0,979
35329.0,980
56801.0,981
6603122.0,982
9827599.0,983
441334.0,984
134129839.0,985
9919001.0,986
441333.0,987
39859.0,988
23702.0,989
5791.0,990
91274.0,991
135413536.0,993
6918365.0,993
135564864.0,994
10182969.0,995
9875401.0,996
150311.0,997
3035194.0,998
2754.0,999
172293.0,1000
5665.0,1001
25151504.0,1003
11274333.0,1004
11556711.0,1016
387447.0,1017
57469.0,1018
12947.0,1019
5090.0,1020
2581.0,1021
54677470.0,1022
4409.0,1023
119607.0,1024
2662.0,1025
3308.0,1026
39860.0,1027
16078.0,1028
5280954.0,1029
32681.0,1029
5770.0,1030
8550.0,1031
6018.0,1032
115366.0,1033
65335.0,1034
9871419.0,1035
10158453.0,1036
10921.0,1041
27350.0,1042
62886.0,1043
6172.0,1044
60168.0,1045
5311398.0,1046
65332.0,1047
47320.0,1048
24244.0,1049
5281080.0,1050
5281042.0,1050
441351.0,1051
22475.0,1052
23422.0,16
39764.0,1053
3406.0,1054
4116.0,1055
42113.0,1056
3226.0,1057
5206.0,1058
3562.0,1059
3763.0,1060
10174505.0,1061
66124.0,1062
4020.0,1063
64765.0,1064
14219.0,1065
5280360.0,1066
5381.0,1067
444795.0,1068
5538.0,1068
82146.0,1069
449171.0,1070
5284513.0,1071
5282375.0,1072
3312.0,1072
28620.0,1073
441207.0,1074
2724385.0,1075
5284512.0,1076
3373.0,1077
167305.0,1078
2712.0,1079
9916.0,1080
3016.0,1081
969472.0,1082
4616.0,1083
4064.0,1084
2789.0,1085
2118.0,1086
5556.0,1087
2481.0,1088
2802.0,1089
3261.0,1090
8275.0,1091
23695352.0,1092
2479.0,1092
3487.0,1093
3958.0,1094
5281077.0,1095
4099.0,1096
23690443.0,1097
4162.0,1098
43032.0,1099
4890.0,1100
4909.0,1101
4943.0,1102
4999.0,1103
4737.0,1104
23676152.0,1105
14148199.0,1106
5391.0,1107
91980486.0,1108
12832575.0,1109
667484.0,1110
14434.0,1111
3393.0,1111
31640.0,1112
23677832.0,1113
13620391.0,1114
5719.0,1115
6918296.0,1116
9833407.0,1117
644076.0,1118
4912.0,1119
60699.0,1120
60700.0,1120
121396.0,1121
2265.0,1122
2724350.0,1123
667490.0,1123
11529527.0,1124
107969.0,1141
107970.0,1141
6253.0,1142
91725.0,1143
5486971.0,1144
3446.0,1145
9883933.0,1146
175804.0,1148
4753.0,1149
6420040.0,1150
441348.0,1151
21467.0,1152
5070.0,1153
102426.0,1154
8691.0,1155
94328.0,1156
3292.0,1157
30928.0,1158
68304.0,1159
656862.0,1160
4906.0,1161
23679632.0,1162
5795.0,1164
4060.0,1165
2554.0,1166
32169.0,1167
5411.0,1168
219078.0,1169
66070.0,1170
34632.0,1171
9796823.0,1172
66068.0,1173
517321.0,1174
11078.0,1175
129228.0,1176
34312.0,1177
1775.0,1162
92163.0,1178
56338.0,1179
52194.0,1180
3878.0,1181
3676.0,1182
16219577.0,1183
108173.0,1184
5734.0,1185
71412.0,1186
71486.0,1187
6852374.0,1188
5816.0,1189
71611.0,1190
24847757.0,1191
9377.0,1192
31100.0,1193
166589.0,1194
68727.0,1195
72287.0,1196
107882.0,1197
59227.0,1198
64648.0,1201
6839.0,1202
8280.0,1203
6476.0,1204
3291.0,1205
5576.0,1206
1727.0,1207
5742.0,1208
91499.0,1209
62819.0,587
15606394.0,1210
56843850.0,1211
11304743.0,1212
16004692.0,1213
24821094.0,1215
179344.0,1216
11519069.0,1217
154256.0,1218
44178220.0,1219
16048656.0,1220
6917778.0,345
3033.0,1221
126941.0,1222
11561674.0,1223
92974.0,1224
10220503.0,1225
65157.0,1226
6918638.0,1231
11711522.0,1232
24965990.0,1233
10077129.0,1234
11949646.0,1235
57379345.0,1236
11179459.0,1237
644077.0,1238
11625818.0,1239
145948323.0,1240
135476717.0,1242
56959086.0,1243
6451149.0,1247
3045381.0,1248
11237762.0,1249
11250029.0,1250
5330286.0,1251
44610678.0,1252
23725625.0,1254
23725423.0,1258
10260031.0,1259
16678941.0,1260
9811834.0,1261
11978813.0,1262
11545.0,1263
2247.0,1264
60662.0,1265
5282379.0,1266
25096.0,1267
656652.0,1268
24906252.0,1269
11982961.0,1270
12068809.0,1271
45138699.0,1272
25096873.0,1274
16203739.0,1276
9903778.0,1277
49831411.0,1279
71491931.0,1281
78357807.0,1282
56844015.0,1284
53239799.0,1287
9913767.0,1288
53465279.0,1289
5327686.0,1290
131633366.0,1291
118753639.0,1292
10138259.0,1293
9865554.0,1294
45375953.0,1295
5081913.0,1296
44155856.0,1298
5467732.0,1299
9912639.0,1300
86709174.0,1302
44137686.0,1304
99479.0,1305
59317190.0,1306
46893585.0,1307
16750192.0,1308
59251511.0,1309
49787490.0,1310
16734800.0,1311
5283820.0,1313
118374999.0,1314
10026128.0,1315
44454750.0,1316
73051463.0,1317
46871935.0,1318
9958278.0,1325
15981237.0,1326
6438384.0,1327
24963749.0,1328
44595079.0,1329
44467821.0,1330
72165228.0,1331
46207586.0,1332
46892373.0,1334
10437018.0,1335
45270897.0,1336
135413565.0,1337
24864821.0,1338
68947304.0,1339
11167112.0,1340
24856041.0,1341
10027278.0,1342
46834118.0,1343
53262401.0,1344
46869123.0,1345
67259771.0,1347
24765037.0,1348
9820526.0,1349
49830398.0,1350
11569967.0,1350
25134326.0,1352
24739943.0,1353
11409972.0,1354
24905401.0,1355
9893171.0,1357
135564570.0,1358
117875026.0,1359
124437.0,1360
16747683.0,1361
44137675.0,1362
11373432.0,1363
54761306.0,1364
25115967.0,1366
1760285.0,1367
11152667.0,1368
25262965.0,1369
52913813.0,1370
16666708.0,1371
135905473.0,1372
70817911.0,1373
71599640.0,1374
71611869.0,1375
89670174.0,1376
46207957.0,1377
6918508.0,1378
156422.0,1379
3025986.0,1380
58298318.0,1384
74892828.0,1385
16048643.0,1386
11751922.0,1387
56846693.0,1388
71721648.0,1389
10275001.0,1390
9936664.0,1391
9874913.0,1394
49779393.0,1395
16750271.0,1396
24756910.0,1397
54575456.0,1398
6420138.0,1399
54576299.0,1400
45378170.0,1402
25134692.0,1403
71727581.0,1404
71245288.0,1406
23582824.0,1407
46885626.0,1408
25167777.0,1409
46214930.0,1410
56949517.0,1411
15983966.0,1412
16725726.0,1414
54758501.0,1415
56644522.0,1416
9888590.0,1417
52920501.0,1418
54759275.0,1419
166625231.0,1420
71113742.0,1420
59142777.0,1421
11952856.0,1422
46911863.0,1423
25230468.0,1424
9549295.0,1425
11427553.0,1426
5329450.0,1427
44814409.0,1429
46188928.0,1431
9861871.0,1432
25118925.0,1433
44603533.0,1435
66646528.0,1436
71721540.0,1438
68026984.0,1439
67313626.0,1440
24748204.0,1442
16731225.0,1443
45142457.0,1444
58282870.0,1445
11478684.0,1446
11642049.0,1447
70798655.0,1448
25161177.0,1449
11712649.0,1450
166625215.0,1451
89808643.0,1452
49792852.0,1454
9884220.0,1456
54755438.0,1457
51039094.0,1458
9868037.0,1459
56947515.0,1460
49784945.0,1461
11998575.0,1462
9916391.0,1463
11236560.0,1464
135984730.0,1465
11713159.0,1466
11714580.0,1467
25227462.0,1468
51346455.0,1469
17754438.0,1470
78323835.0,1471
46191454.0,1472
6918403.0,1473
46947264.0,1474
52936034.0,1476
90116675.0,1478
54580957.0,1483
23648971.0,1484
6918852.0,1485
67763.0,1486
16719221.0,1488
58266779.0,1490
59239165.0,1491
57384863.0,1492
11285002.0,1494
5327067.0,1495
11548630.0,1496
3008319.0,1498
25182860.0,1500
135565159.0,1501
46239015.0,1505
10288822.0,1506
9865587.0,1507
66577114.0,1508
24795070.0,1509
24779724.0,1510
24995524.0,1511
9845566.0,1512
5289419.0,1513
6444692.0,1515
11620908.0,1516
24767976.0,1517
118980937.0,1518
24963252.0,1519
16124208.0,1520
53357478.0,1521
44247727.0,1522
71696703.0,1523
11239948.0,1524
16739650.0,1525
86707828.0,1526
25073775.0,1528
45375955.0,1529
46912230.0,1529
59472121.0,1530
3794.0,1531
56960363.0,1534
56960447.0,1534
57990770.0,1535
59757974.0,1536
56963011.0,1537
9810884.0,1539
6918394.0,1540
11248490.0,1543
11604525.0,1544
25070031.0,1545
6450822.0,1546
44187367.0,1547
45100669.0,1548
9834591.0,1549
44623998.0,1553
60164925.0,1554
9828471.0,1556
51049992.0,1557
53246986.0,1559
53466958.0,1561
77107498.0,1562
9860294.0,1563
108187.0,1565
24745335.0,1566
11572784.0,1567
11701939.0,1568
67029278.0,1569
11687907.0,1570
11561692.0,1571
6439091.0,1573
11270783.0,1574
16071896.0,1575
54591014.0,1577
71474171.0,1578
9914857.0,1579
73348450.0,1582
135398512.0,1583
15983184.0,1584
171359948.0,1585
68029831.0,1588
16007367.0,1589
11256560.0,1590
10176607.0,1592
23630026.0,1593
23649427.0,1594
25105689.0,1595
139266761.0,1598
16005981.0,1600
9930121.0,1601
11151363.0,1602
44158492.0,1604
44600763.0,1605
45268455.0,1606
66571003.0,1609
78320750.0,1610
25116064.0,1611
51039030.0,1612
71227359.0,1614
9926001.0,1618
3038472.0,1619
10047015.0,1620
156421.0,1621
17751090.0,1622
49853967.0,1628
16047027.0,1631
23642301.0,1632
9954033.0,1633
3034011.0,1635
118753642.0,1636
11395145.0,1637
9805950.0,1638
9863341.0,1639
58818984.0,1640
11750009.0,1641
11188409.0,1642
56941241.0,1643
46861578.0,1644
449459.0,1645
656954.0,1646
5388909.0,1646
10286159.0,1647
91469.0,1648
24873449.0,1650
9824013.0,1651
24744336.0,1652
42636651.0,1653
60150535.0,1655
6918548.0,1656
9806190.0,1657
5311505.0,1658
11532289.0,1660
135449333.0,1661
9909438.0,1661
9956726.0,1663
204109.0,1665
170364.0,1666
9888484.0,1667
11236126.0,1668
67599.0,1669
11678534.0,1670
10229498.0,1672
16145453.0,1672
9869229.0,1673
16719220.0,1674
12082259.0,1675
9867758.0,1676
10295295.0,1677
667528.0,1678
11998611.0,1679
6915835.0,1680
5289549.0,1681
5289547.0,1682
10672195.0,1683
118753633.0,1684
11396600.0,1684
10296883.0,1685
10297043.0,1686
9934283.0,1687
44177328.0,1688
25017411.0,1689
44181686.0,1690
68165256.0,1691
66906051.0,1692
42642648.0,1693
46883775.0,1694
10195250.0,1695
44187362.0,1696
57928403.0,1697
11338033.0,1698
135398495.0,1699
72435.0,1700
16659841.0,1701
24856436.0,1702
57430866.0,1703
68289010.0,1704
10127622.0,1705
11488320.0,1706
5330175.0,1707
45380979.0,1708
9808844.0,1709
44182295.0,1710
11977753.0,1711
57336745.0,1712
11978790.0,1712
11364421.0,1713
16654980.0,1715
10409068.0,1716
11349170.0,1717
24785538.0,1718
24794418.0,1719
136662662.0,1720
50922691.0,1721
11719003.0,1722
56649450.0,1723
6918316.0,1724
58298316.0,1725
10430360.0,1726
11597537.0,1727
6918454.0,1728
5745214.0,1729
9854289.0,1729
57335384.0,1730
10366136.0,1731
91824201.0,1732
132494168.0,1732
24748573.0,1733
160355.0,1734
25066467.0,1735
25031915.0,1737
10172827.0,1738
16118392.0,1739
6445562.0,1740
16041424.0,1290
44462738.0,1742
49831257.0,1743
11618268.0,1744
59473233.0,1745
42642645.0,1746
46843057.0,1747
51042438.0,1748
44603362.0,1749
10297982.0,1750
25127713.0,1751
44480399.0,1752
11387605.0,1753
71398.0,1754
50905713.0,1755
11691242.0,1756
56843747.0,1757
56843466.0,1758
56847547.0,1759
23635314.0,1760
10029385.0,1761
10090485.0,1762
11539025.0,1763
11955855.0,1764
46213929.0,1765
46220502.0,1766
5494449.0,1767
24964624.0,1768
44137946.0,1769
3038522.0,1770
66524380.0,1770
11282283.0,1771
11313622.0,1772
46866319.0,1773
135398516.0,1774
72698550.0,1774
9811611.0,1775
67409219.0,1776
9952923.0,1777
23643976.0,1777
9826528.0,1778
25033539.0,1780
44516953.0,1781
22049997.0,1783
11442891.0,1784
16718576.0,1785
25151352.0,1786
9849735.0,1787
9904854.0,1788
16220188.0,1789
25195511.0,1791
11213558.0,1792
11656518.0,1793
17755052.0,1794
25254071.0,1795
24788740.0,1796
51001932.0,1797
56599306.0,1799
1893730.0,1799
16123056.0,1800
49867926.0,1800
42635918.0,1801
9871074.0,1802
16662431.0,1803
9952773.0,1804
10427712.0,1805
11973736.0,1806
3078519.0,1807
43860.0,1808
25117126.0,1809
59422203.0,1810
10341154.0,1811
3038525.0,1812
56931136.0,1813
10458325.0,1814
10433653.0,1816
11647372.0,1817
53235510.0,1818
25171648.0,1819
49784084.0,1820
25145656.0,1821
57519748.0,1823
16757521.0,1824
9939040.0,1825
6433122.0,1826
11596613.0,1827
11292933.0,1828
170345.0,1829
11570626.0,1830
9892481.0,1831
11627443.0,1832
9849699.0,1833
11634973.0,1834
25166913.0,1835
9887812.0,1836
11842633.0,1837
46174144.0,1838
16066663.0,1839
11237985.0,1840
16061509.0,1841
16071605.0,1842
9878913.0,1843
11521821.0,1844
24969622.0,1845
9852175.0,1846
6506051.0,1847
3082555.0,1848
9841075.0,1849
44472635.0,1850
6440763.0,1851
11285792.0,1852
49848070.0,1853
16119086.0,1854
11281445.0,1294
51049968.0,1855
10479502.0,1856
16119082.0,1857
71484494.0,1858
68748835.0,1859
5282340.0,1860
10372836.0,1861
11610526.0,1862
11962616.0,1863
24780598.0,1864
9926832.0,1865
9976892.0,1866
67156338.0,1867
71533696.0,1868
44219292.0,1869
11438771.0,1870
158795.0,1871
9826744.0,1872
11667832.0,1873
11340891.0,1874
21874557.0,1875
23653789.0,1876
11697697.0,1877
15984937.0,1878
11223423.0,1879
9798547.0,1880
25027363.0,1881
67396391.0,1882
24743471.0,1882
57662985.0,1883
49841217.0,1884
25134303.0,1885
135565361.0,1886
46200932.0,1888
46198579.0,1891
60151939.0,1892
46203710.0,1893
56848985.0,1894
52914971.0,1895
11567064.0,1899
46833780.0,1900
9916461.0,1901
53307207.0,1902
9801039.0,1903
44537963.0,1904
6398473.0,1905
10345214.0,1906
25195495.0,1907
11467403.0,1908
10253143.0,1909
11614352.0,1910
11292191.0,1911
10195332.0,1912
46213922.0,1913
9810927.0,1917
11610599.0,1918
3035850.0,1919
44428551.0,1920
165437864.0,1920
25019940.0,1921
6918509.0,1922
23582412.0,1923
11508736.0,1924
11462174.0,1925
56944144.0,1926
9813414.0,1927
11300448.0,1928
10257882.0,1929
23650961.0,1930
44126305.0,1931
11363176.0,1932
9823762.0,1933
10348973.0,1934
11953367.0,1935
16102897.0,1936
10457387.0,1937
9870520.0,1938
118753644.0,1939
11372270.0,1940
10174045.0,1941
11535140.0,1942
44479007.0,1943
9910098.0,1944
9796227.0,1945
118753637.0,1946
9833519.0,1947
9953065.0,1948
10331863.0,1949
16662948.0,1950
16041426.0,1951
11683556.0,1953
44557636.0,1954
9917944.0,1955
10188853.0,1956
20629114.0,1957
25147683.0,1959
10278470.0,1960
9865384.0,1961
9869105.0,1962
9895468.0,1963
9842251.0,1964
9936489.0,1965
9849616.0,1966
10459564.0,1967
11273178.0,1968
9803828.0,1969
9805719.0,1970
9963056.0,1971
9801640.0,1972
16656889.0,1973
10173280.0,1974
63952.0,1975
3038517.0,1976
3055171.0,1977
9957262.0,1978
216249.0,1979
158796.0,1980
5493324.0,1981
9832431.0,1982
9831652.0,1983
9810101.0,1984
9802561.0,1985
130991.0,1986
6433097.0,1987
178103.0,1988
9915203.0,1989
60096302.0,1989
177941.0,1990
6918331.0,1991
5311424.0,1992
60943.0,1993
71885.0,1994
6604121.0,1995
9829352.0,1996
188927.0,1997
197706.0,1998
11328898.0,1999
11993702.0,2000
70687273.0,2001
71587842.0,2001
53330936.0,2002
123805.0,2003
6918284.0,2005
166625217.0,2007
91865076.0,2007
162677492.0,2008
138752609.0,2008
16186350.0,2009
9833984.0,2012
16686147.0,2012
53380437.0,2013
49803313.0,2016
11338127.0,2017
9910486.0,2018
24752296.0,2019
11247522.0,2020
138393987.0,2021
23628017.0,2022
56948407.0,2023
23581869.0,2024
9876235.0,2025
15605092.0,2026
9824145.0,2027
9794203.0,2028
9794392.0,2029
10303232.0,2030
11394238.0,2031
72941990.0,2032
71249967.0,2033
14539800.0,2034
3074827.0,2035
173480.0,2036
10161381.0,2037
24764487.0,2038
11547499.0,2039
25147644.0,2040
219101.0,2041
68356537.0,2042
46840946.0,2043
16046068.0,2044
57582353.0,2045
166625218.0,2046
44595848.0,2047
67042222.0,2048
50914822.0,2048
16755766.0,2049
9797360.0,2050
10380472.0,2051
44511587.0,2052
178052.0,2053
9907432.0,2054
10131048.0,2055
11528435.0,2056
24795080.0,2057
45381907.0,2058
65970.0,2059
10200813.0,2060
58442344.0,2061
46199646.0,2063
9951995.0,2064
23725095.0,2065
127894.0,2065
4988454.0,2066
9867642.0,2067
42641863.0,2068
49871007.0,2069
23649245.0,2070
24872952.0,2071
118036971.0,2072
72703790.0,2073
46215462.0,2075
192711.0,2078
51049972.0,2080
11498153.0,2083
3081185.0,2084
134156275.0,2085
4118151.0,2086
9889366.0,2087
158438.0,2088
9794485.0,2089
3036156.0,2090
11198924.0,2091
135418404.0,2093
76287260.0,2099
3277.0,2100
3033767.0,2101
155435.0,2102
67171867.0,2103
11326715.0,2104
24872560.0,2105
447715.0,2107
24795088.0,2108
9577221.0,2109
9890879.0,2111
10274777.0,2112
206044.0,2113
208901.0,2114
9889200.0,2115
3055168.0,2116
400769.0,2117
10299876.0,2118
5288149.0,2119
20055510.0,2119
16122802.0,2120
10074640.0,2121
11485656.0,2122
24889392.0,2123
11494412.0,2124
10302451.0,2125
11497983.0,2126
9933475.0,2127
71496458.0,2128
10461508.0,2129
11234052.0,2130
11154925.0,2131
9917013.0,2132
126565.0,2133
156413.0,2134
25062766.0,2135
11552706.0,2136
46848036.0,2137
9915743.0,2138
5287969.0,2139
44205240.0,2140
9911830.0,2141
44631912.0,2142
50922675.0,2143
176167.0,2144
153999.0,2145
10288191.0,2146
46926350.0,2147
24771867.0,2148
11640390.0,2149
70693519.0,2150
11511120.0,2150
9829523.0,2151
151194.0,2152
11671467.0,2153
16222096.0,2154
16722836.0,2155
46216796.0,2156
16735117.0,2157
5329098.0,2158
5329099.0,2159
135398510.0,2160
9977819.0,2160
45139106.0,2161
216327.0,2162
11250647.0,2163
9910224.0,2164
6918686.0,2165
9917021.0,2166
9838712.0,2167
56841653.0,2168
9576912.0,2169
9805430.0,2170
11430856.0,2171
16072155.0,2172
10052040.0,2173
11618368.0,2174
54732242.0,2175
6451144.0,2176
11156648.0,2177
6451165.0,2178
25195354.0,2179
6918387.0,2180
10343454.0,2181
11226090.0,2182
44599207.0,2183
11156438.0,2184
11319053.0,2185
10117987.0,2186
9804938.0,2187
10452732.0,2188
10501053.0,2189
21071390.0,2190
216466.0,2191
9948102.0,2192
9884366.0,2193
64627.0,2194
121888.0,2195
159595.0,2196
6610314.0,2197
123683.0,2197
11848225.0,2198
11557104.0,2199
11527495.0,2200
5311271.0,2201
151174.0,2202
9938840.0,2203
70693556.0,2204
158348.0,2204
9912992.0,2205
9820882.0,2206
6445539.0,2207
6433095.0,2208
119192.0,2209
198747.0,2210
172997.0,2211
177236.0,2212
9941379.0,2213
71511839.0,2215
56842233.0,2216
56843331.0,2218
70689318.0,2219
71306.0,2219
16158184.0,2220
9795739.0,2222
46196517.0,2223
5745207.0,2224
12358972.0,2225
214350.0,2226
49843471.0,2227
59232326.0,2228
11667893.0,2229
21302490.0,2230
9821941.0,2230
81689826.0,2231
10236037.0,2279
6450813.0,2280
3448.0,2281
9837243.0,2282
49846579.0,2285
8695.0,2287
10548.0,2289
11256720.0,2292
65825.0,2293
72941969.0,2296
158781.0,192
159324.0,2312
6918107.0,2313
148201.0,2314
182137.0,2315
70687254.0,2316
11556427.0,2317
135415867.0,2318
9874591.0,2319
10275777.0,2320
6918540.0,2321
25063260.0,2322
2929.0,2323
44146842.0,2324
10152654.0,2325
9799888.0,2326
216210.0,2327
9832404.0,2328
11516136.0,2329
9884642.0,2330
6918525.0,2331
155815.0,2332
11001318.0,2333
11520894.0,2334
13559281.0,2335
15547703.0,2336
135413547.0,2337
6918523.0,2337
23649181.0,2338
5287541.0,2339
25025298.0,2340
11186829.0,2341
44473151.0,2342
11351021.0,2343
70693500.0,2344
44473150.0,2345
49836058.0,2346
135564985.0,2347
3052762.0,2348
9852519.0,2349
25067547.0,2350
148195.0,2351
6450173.0,2352
9935681.0,2353
9918381.0,2354
9925544.0,2355
2746.0,2356
3083444.0,2357
10629256.0,2358
176873.0,2359
10224267.0,2360
11417567.0,2361
4261.0,2362
9881504.0,2363
6918309.0,2364
10186184.0,2365
9865515.0,2366
9871420.0,2367
11685945.0,2368
11284169.0,2369
9886917.0,2370
25167017.0,2371
9961434.0,2372
11347535.0,2373
11689883.0,2374
9949641.0,2375
11960529.0,2376
70697642.0,2377
24970412.0,2378
13018787.0,2379
25170420.0,2380
11641515.0,2381
44602.0,2382
46908928.0,2383
46908929.0,2383
11633038.0,2384
9931954.0,2385
134129861.0,2386
9796590.0,2387
24958200.0,2388
44183569.0,2389
44814423.0,2390
46209133.0,2391
5311037.0,2392
123619.0,2393
208951.0,2394
11425584.0,2395
11281011.0,2396
101524.0,2397
10219163.0,2398
135449327.0,2399
16681698.0,2400
92337.0,2401
12000240.0,2402
65856.0,2403
9843750.0,2404
9820073.0,2405
9952884.0,2406
135456190.0,2407
5486684.0,2407
11414799.0,2408
46883536.0,2409
131682.0,2410
24946690.0,2411
122335.0,2412
11269353.0,2413
9939609.0,2414
72734342.0,2415
6505803.0,2416
6440175.0,2416
6918537.0,2417
114897.0,2418
24978538.0,2419
9811353.0,2420
9874248.0,2421
6918287.0,2422
9810709.0,2423
25221720.0,2424
60162270.0,2425
44632368.0,2426
24857286.0,2427
58212050.0,2428
16720766.0,2429
53387035.0,2430
44232546.0,2431
24795069.0,2432
46184405.0,2433
11965427.0,2434
24831714.0,2435
9939892.0,2436
71301286.0,2437
122173811.0,2437
49836020.0,2438
23729157.0,2439
76964235.0,2442
9841854.0,2443
11256664.0,2444
135565654.0,2445
135565082.0,2446
44819241.0,2446
3035016.0,2447
9947999.0,2449
78131177.0,2450
46700756.0,2451
91617630.0,2452
66553195.0,2454
71481097.0,2455
135564890.0,2456
91826917.0,2456
44591583.0,2457
644019.0,2458
25195624.0,2459
5426.0,2460
216326.0,2461
134780.0,2462
15895902.0,2465
3033825.0,2466
6918305.0,2467
8514.0,2468
3086671.0,2469
4810.0,2470
119031.0,2471
444020.0,2472
107930.0,2473
39912.0,2474
3022645.0,2403
60919.0,2475
128919.0,2476
517326.0,2477
131664.0,2478
6449876.0,2479
135400182.0,2480
104758.0,2480
43157.0,2481
6450830.0,2482
119828.0,2483
454194.0,2484
2541.0,193
2449.0,2485
179337.0,2486
148200.0,2520
16139342.0,2651
131704317.0,2651
121490161.0,2652
57334219.0,2653
3038502.0,2654
56837137.0,2655
25181577.0,2340
189821.0,2656
67418070.0,2657
57827330.0,2661
5284603.0,2663
30951.0,2664
54897.0,2665
34870.0,2666
34869.0,2666
68723.0,2667
16574.0,2668
2313.0,2669
2318.0,2670
39941.0,2671
6237.0,2672
2482.0,2673
9960605.0,2674
13789.0,2675
90010.0,2676
9324.0,2677
33176.0,2678
2898.0,2679
2950.0,2680
66264.0,2681
636407.0,2682
23674183.0,2683
65869.0,2684
48040.0,2685
65394.0,2686
91452.0,2687
3343.0,2688
3380.0,2689
3474.0,2690
15250.0,2691
44668.0,2692
3718.0,2693
54677972.0,2694
151166.0,2695
6179.0,2696
2834213.0,2697
6300.0,2698
6436730.0,2699
8667.0,2700
6292.0,2701
63196.0,2702
4260.0,2703
4472.0,2704
71900.0,2705
5358907.0,2706
5284439.0,2707
71467.0,2708
35935.0,2709
9801.0,2710
4922.0,2711
4930.0,2712
15004.0,2713
17336.0,2714
14372.0,2715
54477.0,2716
60678.0,2717
104850.0,2718
60149.0,2719
216235.0,2720
11477084.0,2721
5354.0,2722
5405.0,2723
23479.0,2724
25215.0,2725
27901.0,2726
53359.0,2727
6536.0,2728
47979.0,2729
5478933.0,2730
9574101.0,2730
6420041.0,2731
1981.0,2799
82148.0,2800
21158560.0,2801
5311001.0,2801
5282181.0,2802
70695647.0,2803
2159.0,2804
2179.0,2805
2206.0,2807
26098.0,2808
2327.0,2811
2333.0,2812
12555.0,2813
65464.0,2814
2366.0,2815
39042.0,2816
185460.0,2817
2441.0,2819
2448.0,2820
50225.0,2821
11368.0,2822
132971.0,2823
118984394.0,185
23671691.0,2825
636403.0,2826
16681432.0,2827
31072.0,2828
2663.0,2830
6475.0,2831
56330.0,2832
2763.0,2833
2780.0,2834
2783.0,2835
10783.0,2836
16351.0,2837
66249.0,2839
9880.0,2840
71353.0,2841
2966.0,2842
667550.0,2843
127021145.0,2844
9419.0,2845
21855.0,2846
54676537.0,2847
5311010.0,2848
3678.0,2850
16363.0,2852
71771.0,2853
1547484.0,2854
2761.0,2854
2811.0,2855
15684.0,2856
5311071.0,2857
33254.0,2858
4199.0,2859
71226662.0,2861
135565785.0,2862
45255840.0,2863
73437646.0,2863
90480031.0,2864
25069056.0,2865
23696934.0,2866
25253377.0,2867
92042922.0,2868
172197.0,2869
71526737.0,2870
90410375.0,2871
176077.0,2873
30323.0,3024
25227436.0,3025
25181472.0,3026
25262792.0,3027
9887712.0,3028
132999.0,3029
5039.0,374
3001055.0,374
4192.0,3030
248.0,3031
247.0,3031
5918.0,3032
6435415.0,3033
9920716.0,3034
9918581.0,3035
24828759.0,3036
76970819.0,3037
122640033.0,3038
71657455.0,3039
49843517.0,3040
9870009.0,3041
11753673.0,3042
86764535.0,3043
92786.0,3046
30667.0,3047
71731823.0,3048
67462786.0,3050
46700777.0,3052
67330085.0,3054
91971505.0,3055
73053710.0,3056
11644097.0,3057
108059.0,3058
24785956.0,3062
135565596.0,3063
24989044.0,3063
67307512.0,3064
74763937.0,3065
9936746.0,3066
46943432.0,3067
118115473.0,3068
118196485.0,3069
135564749.0,3070
54670351.0,3071
10218693.0,3072
11962412.0,3073
71602803.0,3074
131839615.0,3075
11518241.0,3076
46927777.0,3078
67517580.0,3079
25141092.0,3081
134587348.0,3082
135565884.0,3083
11551689.0,3084
71009737.0,3085
91618104.0,3086
11513676.0,3091
10472693.0,3092
118023034.0,3093
71761627.0,3094
71586738.0,3095
5359318.0,3099
1712095.0,3100
46926973.0,3101
16132300.0,3102
896.0,3104
9887537.0,3105
10173277.0,3106
108143.0,3107
11253490.0,3108
11953153.0,3109
123879.0,3110
56833311.0,3111
4235.0,3112
3151.0,3113
6918406.0,3114
148196.0,3115
107999.0,3116
3748.0,3117
4848.0,3118
5756.0,3119
11949652.0,3124
57339444.0,3125
44513473.0,3126
11526038.0,2110
72099.0,3127
54766.0,3128
5464343.0,3129
52913524.0,3130
135565248.0,3131
133017.0,3132
119369.0,3133
125564.0,3134
130956.0,3135
34521.0,3136
3191.0,3137
59694.0,3138
1549120.0,3139
3965.0,3140
3671.0,3141
68712.0,3142
4418.0,3143
4887.0,3144
65906.0,3145
4237.0,3146
11707110.0,3148
5288320.0,3149
216416.0,3150
135413553.0,3152
71184.0,3153
86705695.0,3154
25022354.0,3156
16049404.0,3157
657348.0,3158
135398752.0,3159
4644.0,3159
71584930.0,3160
44481893.0,3161
159325.0,3162
11498596.0,3163
46241268.0,3164
118955396.0,3165
45375887.0,3166
5282440.0,3167
69165622.0,3168
25267009.0,3169
23658607.0,3170
134436906.0,3171
6918141.0,3172
50914062.0,3174
76322220.0,3175
44230575.0,3176
124246.0,3177
5355.0,3179
73330464.0,3180
5369209.0,3181
71242808.0,3184
65957.0,3185
121493437.0,3186
16154396.0,3187
16197727.0,3187
114750.0,3188
6433090.0,3189
23634441.0,3190
5282136.0,3191
9930048.0,3192
51349053.0,3194
1548953.0,3198
65948.0,3199
443869.0,3200
155565803.0,3201
9831643.0,3202
10153627.0,3203
24987688.0,3204
53492727.0,3205
129073603.0,3207
50899324.0,3208
86301316.0,3210
9824918.0,3211
6197.0,3219
129103609.0,3220
122197536.0,3221
6100372.0,3222
13117982.0,3223
23689651.0,3224
4507.0,3225
2324.0,3226
4008.0,3227
4494.0,3228
5282138.0,3229
157917.0,3230
114905.0,3231
16214875.0,3232
135565903.0,3233
122201352.0,3234
46700774.0,3235
44230999.0,3236
118861389.0,3237
70674853.0,3238
5745206.0,3239
51039119.0,3240
3792.0,3241
10235.0,3242
25108829.0,3259
121293929.0,3260
71535003.0,3261
52949124.0,3262
91668194.0,3265
71667668.0,3266
54767229.0,3269
121418176.0,3270
118063735.0,3271
71228883.0,3272
24737629.0,3273
67335295.0,3274
118878093.0,3276
121301508.0,3277
91758792.0,3278
71558565.0,3279
25183872.0,3280
135565981.0,3281
73437845.0,3282
134694273.0,3283
9808022.0,3284
86269973.0,3285
15604015.0,3286
11154544.0,3287
60734.0,3288
44129648.0,3289
179340.0,3290
137434175.0,3291
24772106.0,3292
24794466.0,3293
86291103.0,1497
6479267.0,3294
59448236.0,3295
9818479.0,3296
10309114.0,3297
24946280.0,3298
90445883.0,3299
22591684.0,3300
118414016.0,3301
121488161.0,3302
57855696.0,3303
135403832.0,3304
45101433.0,3305
52934180.0,3314
54576693.0,3315
23106477.0,3316
44537841.0,3318
24771824.0,3323
11670435.0,3324
9876393.0,3325
16039797.0,3326
57389999.0,3328
134611040.0,3329
24825740.0,3330
90467622.0,3332
219104.0,3334
49867930.0,3335
71481187.0,3339
11491176.0,3342
117604931.0,3343
6918236.0,3344
66555816.0,3346
135425273.0,3347
11180124.0,3348
1646.0,3349
213053.0,3350
23582846.0,3351
16063245.0,3352
73774610.0,3353
72187679.0,3354
135564558.0,3355
25115162.0,3355
11703255.0,3356
25195461.0,3357
46851313.0,3358
60151560.0,3359
24771368.0,3362
91933883.0,3363
86582336.0,3367
9838389.0,3369
3035714.0,3373
121328278.0,3375
24875372.0,3376
54677674.0,3377
6918502.0,3386
6433109.0,3387
54674461.0,3389
135413504.0,3391
43008.0,3391
86676119.0,3395
90111638.0,3397
10322579.0,3398
70662473.0,3399
9827968.0,3400
9865375.0,3401
24864553.0,3402
9919680.0,3403
11387409.0,3404
9896267.0,3405
151170.0,3406
3025803.0,3407
44582816.0,3408
23727689.0,3409
25128145.0,3410
91801202.0,3411
67116280.0,3412
11688894.0,3413
58573469.0,3414
11219835.0,3415
71461382.0,3416
71479709.0,3417
145993966.0,3418
73673720.0,3418
92042890.0,3419
41049.0,3420
117773770.0,3421
86567195.0,3422
73388818.0,3423
9803963.0,3424
9864881.0,3425
135242184.0,3429
68677842.0,3433
9823886.0,3434
56842109.0,3435
151183.0,3435
46240797.0,3436
57520598.0,3437
71616860.0,3438
6918594.0,3439
9810929.0,3440
447865.0,3442
6918835.0,3443
6918260.0,3444
6918473.0,3445
53316710.0,3446
46871946.0,3450
219023.0,3451
472335.0,3452
11954380.0,3452
78209992.0,3453
44623937.0,3456
122585078.0,3457
118560618.0,3458
56655833.0,3459
130021.0,3460
135390942.0,3467
6456014.0,3470
24765479.0,3471
121280087.0,3473
70695616.0,3474
70695615.0,3475
22024915.0,3476
11592228.0,3477
16736529.0,3478
71464713.0,3479
49792850.0,3480
72188743.0,3481
2472.0,3482
216208.0,3483
9916104.0,3484
9952916.0,3485
58486178.0,3486
71186236.0,3489
5467.0,3490
68254185.0,3491
24986824.0,3492
16058752.0,3493
46208367.0,3494
59534142.0,3495
49871973.0,3496
104842.0,3497
47953.0,3498
9887472.0,3499
137321960.0,3500
72734520.0,3501
151115.0,3502
9941008.0,3504
51352361.0,3505
52918385.0,3506
56832738.0,3508
124220601.0,3510
5362116.0,3511
9824131.0,3512
10453870.0,3513
66548125.0,3514
3036703.0,3515
153997.0,3515
124173720.0,3516
9870652.0,3517
9797017.0,3518
138713709.0,3519
45270144.0,3520
71269142.0,3521
86301664.0,3522
11658655.0,3523
11370864.0,3524
501391.0,3525
25099191.0,3526
24996872.0,3527
90409366.0,3528
118238370.0,3529
3116.0,3531
126573394.0,3532
11524127.0,3533
5288674.0,3534
135536943.0,3535
9892860.0,3535
65937.0,3536
11677589.0,3540
118253852.0,3541
11465695.0,3544
11505444.0,3545
44156901.0,3546
23729077.0,3547
6518.0,3548
44224257.0,3549
135565465.0,3550
137222229.0,3550
12000797.0,3569
57495353.0,3570
76965484.0,3573
57331749.0,3574
92042879.0,3575
10201696.0,3577
9918559.0,3579
24751752.0,3580
71657619.0,3581
6851740.0,3583
25025505.0,3585
46207733.0,3587
155774.0,3588
132862.0,3589
135242.0,3590
656665.0,3592
89497391.0,3593
11749858.0,3594
16137348.0,3595
91933867.0,3596
11955716.0,3597
24986635.0,3598
58438464.0,3599
86566678.0,3600
122460381.0,3602
4916.0,3603
4883.0,3604
118161062.0,3605
53497429.0,3609
5496659.0,3610
135400184.0,3611
135565554.0,3612
71621331.0,3613
86764100.0,3615
448013.0,3616
118598754.0,3618
9571836.0,3619
5606.0,3620
71600085.0,3621
104974.0,3624
56950369.0,3625
46902081.0,3626
44251769.0,3627
53340666.0,3628
59543597.0,3629
86677874.0,3630
89420683.0,3630
177336.0,3631
9937291.0,3632
46700782.0,3633
72163100.0,3635
46189893.0,3636
56639723.0,3638
9960285.0,3639
16198321.0,3640
23654987.0,3642
57920094.0,3643
49784002.0,3647
71528744.0,3648
44195571.0,3649
6439522.0,3650
337359.0,3651
16095349.0,3652
24851355.0,3655
18343.0,3656
10368812.0,3658
71717200.0,3660
11398092.0,3661
1548942.0,3662
9876378.0,3663
5735.0,3664
25052630.0,3666
119058036.0,3667
9820008.0,3670
134129863.0,3671
9919857.0,3671
6918486.0,3673
72547837.0,3674
156009451.0,3675
137278711.0,3676
90467234.0,3677
146048028.0,3679
78323434.0,3681
60151477.0,3682
17747460.0,3683
54760385.0,3684
11717074.0,3685
46884921.0,3686
213037.0,3687
118323590.0,3688
11256587.0,3689
89995232.0,3690
60165029.0,3693
86720912.0,3694
121408882.0,3695
91972012.0,3697
124122366.0,3699
126715380.0,3700
118310260.0,3701
154824631.0,3702
89655386.0,3704
89860551.0,3707
139600317.0,3708
27125.0,3710
124081865.0,3711
154731816.0,2000
16135415.0,3712
54679224.0,3713
117947097.0,3715
66555680.0,3716
145954559.0,3717
71424.0,3718
134823897.0,3721
90456533.0,3722
118869362.0,3723
90052320.0,3724
136653617.0,3725
117918742.0,3726
68210102.0,3730
134823896.0,3733
134823895.0,3733
392622.0,3734
11990828.0,3735
9848499.0,3737
56591871.0,3739
134453496.0,3740
131679.0,3741
130339268.0,3742
164509.0,3743
56960912.0,3744
46848915.0,3745
125516.0,3746
6439397.0,3747
5356.0,3748
44626120.0,3749
3035241.0,3750
3086547.0,3750
56669626.0,3751
11547978.0,3752
11961293.0,3753
9912771.0,3754
91754527.0,3486
71792.0,3764
89884852.0,3767
9890801.0,3768
134129855.0,3769
3038505.0,3769
130232326.0,3770
137449472.0,3770
90479374.0,3771
50915138.0,3772
56928390.0,3773
53358942.0,3774
135539077.0,3775
51038269.0,3776
24815904.0,3777
52911611.0,3778
133083018.0,3780
5469318.0,3782
122424426.0,3783
60809.0,3787
76972919.0,3788
11249539.0,3790
11151899.0,3790
71587773.0,3791
11180808.0,3791
54766013.0,3792
92045025.0,3793
3033968.0,3794
9812416.0,3797
213041.0,3798
104762.0,3799
9863672.0,3801
3547.0,3802
11950170.0,3803
146681181.0,3804
53362094.0,3805
60194102.0,3806
5351322.0,3808
11528958.0,3811
688272.0,3179
2446.0,3812
4814.0,3813
5160.0,3814
86290953.0,3815
6918266.0,3816
46916694.0,3818
154572822.0,3819
23725177.0,3819
121301049.0,3820
67223373.0,3821
54669979.0,3822
42634627.0,3822
12714644.0,3826
176885.0,3827
51038316.0,3828
71402018.0,3830
138611145.0,3832
656832.0,3833
25447.0,3836
198757.0,3837
440936.0,3838
52947354.0,3839
46181428.0,3840
90420193.0,3841
156588324.0,3842
123723.0,3843
68488178.0,3844
155559189.0,3845
16129708.0,3848
11625386.0,3850
431097.0,3851
51044.0,3852
124090478.0,3854
72941992.0,3858
9831642.0,3859
11998655.0,3860
134821691.0,3861
121250885.0,3862
11646432.0,3863
67979346.0,3864
91667513.0,3865
5310966.0,3866
54459.0,3867
9812534.0,3868
11597355.0,3869
117817422.0,3872
118989191.0,3875
55645.0,3878
4147757.0,3880
44393497.0,3881
25204767.0,3882
121410806.0,3883
11721842.0,3884
25235800.0,3885
39065.0,3886
44623946.0,3888
45138527.0,3889
129269915.0,3890
59603622.0,3891
119584.0,3894
135564531.0,3897
9832687.0,3898
656630.0,3900
65326.0,3902
11697676.0,3906
73456806.0,3907
76967747.0,3908
5386.0,3909
118599727.0,3910
54369.0,3912
5702546.0,3913
104826.0,3913
131634231.0,3915
6914657.0,3916
54690031.0,3918
134440946.0,3919
68470595.0,3920
121892.0,3923
153241.0,3925
9908900.0,3929
49846599.0,3930
71384.0,3933
5284550.0,3934
214351.0,3935
53708.0,3943
118607832.0,3946
5714038.0,3950
10176764.0,3951
5462328.0,3952
6712744.0,3955
154584814.0,3957
11291.0,3958
49787172.0,3962
3342298.0,3966
78357816.0,3967
135565181.0,3968
3037617.0,3969
9963148.0,3969
135449518.0,3970
447268.0,3970
124181541.0,3971
132141687.0,3972
118649391.0,3973
159603.0,3975
5092.0,3977
71668132.0,3978
17513.0,3979
154104.0,3980
3475.0,3981
47576.0,3983
405012.0,3993
67454400.0,3994
46195331.0,3996
70980485.0,3998
54768846.0,3999
52943236.0,4000
24772484.0,4001
11582982.0,4008
136253996.0,4009
50902259.0,4010
135431074.0,4011
6450821.0,4011
11452716.0,4012
71811910.0,4013
71678098.0,4015
11538455.0,4016
46224413.0,4017
90241742.0,4018
16063568.0,4019
855908.0,4020
25109292.0,4025
121269225.0,4030
11417954.0,4032
54718618.0,4033
89532783.0,4034
107751.0,4035
10624.0,4036
67041274.0,4037
3081927.0,4039
118277544.0,4040
10073773.0,4041
134393443.0,4043
9913881.0,4044
134693700.0,4045
129240620.0,4046
23665584.0,4048
121891.0,4049
86294073.0,4051
11660296.0,4052
5310985.0,4058
72402.0,4060
134168328.0,4062
9951059.0,4063
23394557.0,4065
91663352.0,4066
117877477.0,4068
24756034.0,4070
60199242.0,4071
71661804.0,4072
68389008.0,4073
139467635.0,4077
72202474.0,4078
86294127.0,4079
45275554.0,4081
89792952.0,4082
122536283.0,4083
25008296.0,4086
9577124.0,4087
4066.0,4088
3396.0,4090
135565610.0,4092
57030.0,4093
46832368.0,4096
132189640.0,4097
11581936.0,4098
124111565.0,4100
58496428.0,4101
118753634.0,4103
91826710.0,4103
46832503.0,4104
91810664.0,4106
359.0,4107
57496611.0,4108
121448788.0,4110
4615.0,4112
24963293.0,4113
9833444.0,4114
55191.0,4115
9794806.0,4116
107706.0,4117
135908617.0,4119
11399764.0,4120
68926.0,4121
68783.0,4122
91668.0,4123
11546664.0,4125
70687308.0,4126
16129706.0,4127
16129681.0,4127
6477182.0,4128
25654.0,4129
9808998.0,4133
54580717.0,4134
9961205.0,4135
44201003.0,4136
9942725.0,4139
46861623.0,4140
71587812.0,4140
24749700.0,4143
59634741.0,4144
6918405.0,4147
5311217.0,4148
71577426.0,4150
9876321.0,4154
3086682.0,4154
44517831.0,4155
3082475.0,4156
146026179.0,4157
22833565.0,4158
118009787.0,4162
126736894.0,4164
9827461.0,4165
5281884.0,4167
44405122.0,4168
77108121.0,4170
135338378.0,4171
9934746.0,4174
122662112.0,4175
6918315.0,4176
57788271.0,4177
133082086.0,4178
5709.0,4179
53472683.0,4180
71301276.0,4181
76955630.0,4184
146421275.0,4185
117761397.0,4189
91809208.0,4191
126506029.0,4192
46216795.0,4193
135565678.0,4194
157010667.0,4195
72081.0,4196
67479909.0,4197
46209574.0,4198
90214495.0,4201
134819878.0,4202
135410875.0,4205
135565230.0,4205
446556.0,4205
122197544.0,4206
3035000.0,4206
22861256.0,4208
87665603.0,4209
134156336.0,4220
145722621.0,4221
44594283.0,4222
135565923.0,4223
71680039.0,4229
20112022.0,4230
5329102.0,4232
70693516.0,4234
6918223.0,4235
23663413.0,4236
71515466.0,4237
131801100.0,4239
53357800.0,4240
135565166.0,4241
57339449.0,4242
46174092.0,4244
133053456.0,4245
156028087.0,4246
12990536.0,4247
91864509.0,4248
137528190.0,4249
15130.0,4250
10113978.0,4251
8612.0,4252
159594.0,4253
4171.0,4254
154101.0,4255
4058.0,4256
4097.0,4257
11526696.0,4258
54841.0,4259
5584.0,4260
5775.0,4261
20299.0,4262
5361092.0,570
6916249.0,570
638793.0,4263
118355809.0,4264
19987169.0,4266
132127.0,1724
156414.0,4267
6918173.0,4268
71364.0,4268
42890.0,4269
11200189.0,3908
2809.0,4270
135413538.0,994
219090.0,994
6918554.0,4271
118513932.0,4272
446156.0,4273
10413.0,4274
3037032.0,4274
59768.0,4275
70687253.0,4276
71301.0,4277
60947.0,4278
4893.0,4279
3337.0,4280
54771494.0,4281
4642.0,4282
171346081.0,4284
2351.0,4285
4601.0,4286
2162.0,4287
9034.0,4288
5566.0,4289
44139752.0,4290
3961.0,4291
4449.0,4294
1978.0,4295
5360696.0,4296
6075.0,4297
5361.0,4298
5353627.0,4299
1548972.0,4299
446155.0,4299
5732.0,4300
2370.0,4301
49800011.0,220
25077405.0,220
4679.0,4302
2784.0,4303
3033818.0,4304
4736.0,4305
441278.0,4305
4528.0,4306
154059.0,4307
11498853.0,4308
70691388.0,4309
6918558.0,4310
7029.0,4311
17676.0,4312
135409642.0,187
11238823.0,187
3180.0,4313
2725.0,105
9578572.0,4314
6445226.0,4314
135565674.0,4314
4786.0,4315
26934.0,4315
135398654.0,4316
44257.0,4316
11622909.0,4317
65833.0,4317
56959087.0,4318
5966.0,4320
25195533.0,4321
11597698.0,4323
6005.0,1197
3821.0,4325
3241.0,4326
3341.0,4327
11354606.0,4328
73425383.0,4328
11786594.0,4330
5253.0,4331
443879.0,6
3085218.0,4332
5245.0,4333
2092.0,4334
4845.0,4335
59693.0,4336
164522.0,4337
2350.0,4337
3052776.0,4338
444.0,4339
5288826.0,552
5666.0,4340
60606.0,1033
3519.0,4342
4756.0,4343
5493444.0,489
6918314.0,4344
71158.0,4345
4926.0,4346
34328.0,4347
2267.0,4348
208898.0,4349
3103.0,4350
86301317.0,4351
3035442.0,4352
3698.0,4353
4934.0,4354
8944.0,4355
49806720.0,4356
16623.0,602
4543.0,4357
91270.0,4358
441407.0,4359
73417116.0,4360
3696.0,4361
6433098.0,4362
25077993.0,225
56927879.0,225
175805.0,4363
11404337.0,4364
6918388.0,4365
151171.0,4366
8223.0,460
3152.0,4367
11243969.0,4368
2088.0,4369
4057.0,9
11521822.0,4370
3114.0,4371
60852.0,4372
444031.0,4373
44554894.0,4374
9842252.0,4376
9568614.0,4377
6914152.0,4378
9941444.0,4379
5095.0,4380
13342.0,4381
4927.0,4382
23480.0,4383
4091.0,4384
5311382.0,1463
3779.0,4385
5282452.0,758
11406590.0,1483
2564.0,4387
129211.0,4388
216239.0,4389
16129483.0,4391
146570.0,4392
5504.0,4393
4940.0,4394
3372.0,4395
2913.0,4396
10116877.0,4397
1993.0,4398
123606.0,4399
2911.0,4400
35330.0,4401
41693.0,4402
5572.0,4403
3356.0,4404
3156.0,4405
60835.0,4406
10531.0,4407
9930049.0,4408
51045.0,4409
24199.0,4410
15983988.0,4412
3827.0,4413
4167.0,4414
108000.0,4415
7028.0,684
43815.0,4417
5281037.0,4418
77993.0,4419
5282411.0,4420
5280427.0,4420
2368.0,685
60169.0,1045
5284551.0,1045
60854.0,4421
4913.0,4422
134044.0,4423
13520.0,46
58424881.0,4424
30668.0,4425
90661668.0,4426
4011.0,4427
89683805.0,4428
5291.0,4429
6917779.0,4430
10344820.0,1791
5284371.0,793
2801.0,4432
657309.0,30
657308.0,30
3746.0,30
9823820.0,4433
3162.0,4434
25235801.0,4436
5749.0,4437
77992.0,4438
16129675.0,4439
3025.0,4440
10184653.0,4441
9903970.0,175
163091.0,175
5078.0,4442
9822750.0,4443
5656.0,4444
4369359.0,4445
107782.0,4446
37497.0,4447
5509.0,4448
25102847.0,4450
6918011.0,51
71349.0,51
39468.0,4451
38945.0,4452
5281040.0,4453
66599893.0,4454
9838022.0,4456
22240172.0,4458
5310939.0,4459
2381.0,4460
5361918.0,561
16089915.0,561
5284632.0,4461
5596.0,4461
3157.0,4462
4992.0,4463
4946.0,4464
4932.0,4465
644241.0,4466
158797.0,4467
4674.0,755
5284594.0,4469
6433106.0,4470
135423438.0,4471
9809715.0,4471
9875516.0,4473
6323266.0,4474
5563.0,4475
441289.0,4476
72950888.0,4477
135398744.0,4478
5212.0,4478
4761.0,4479
13505.0,4481
10100.0,4482
3032285.0,4483
5983.0,4484
46207588.0,4485
76314940.0,4486
9933193.0,35
1935.0,4487
16923.0,4491
4746.0,4492
657181.0,4493
52938427.0,4494
6918837.0,4495
72495.0,4496
11534420.0,4497
2520.0,4498
7741.0,4499
5850.0,4500
11519070.0,4501
4168.0,4502
5311447.0,4503
3055.0,4504
32170.0,4506
2895.0,4507
10836.0,4508
1206.0,4508
4197.0,4509
135409400.0,4510
2182.0,4510
4037.0,4511
11560307.0,4512
9294.0,4513
4474.0,4514
3775.0,4515
119570.0,4517
657202.0,4518
54892.0,4519
9935528.0,4520
5702063.0,4522
3517.0,4522
5353646.0,4522
3219.0,4523
4762.0,4524
10280735.0,4525
9867812.0,4526
4098.0,4527
5362124.0,4528
123600.0,4531
3075702.0,4532
23576.0,4534
53252276.0,4535
2435.0,4536
6127.0,4538
5403.0,4539
656615.0,4540
11963622.0,4541
31101.0,4542
37464.0,4543
8226.0,4545
3042.0,4546
9832447.0,4547
3869.0,4548
3009.0,4549
4054.0,4550
441074.0,1160
4212.0,4551
2583.0,4552
5035.0,4553
48041.0,4555
3762.0,4556
3450.0,1044
4935.0,4557
5280363.0,4558
2160.0,4559
5282448.0,4560
49852292.0,4560
84088.0,4561
51263.0,4562
9970357.0,4563
31729.0,4564
66265.0,4565
259329.0,4566
5311017.0,4567
2216.0,4568
2477.0,4569
10184665.0,4570
148197.0,4571
50192.0,4572
4829.0,4573
11434515.0,4574
5284569.0,792
22419.0,4575
6003770.0,4575
3783.0,4577
44564107.0,4578
44564108.0,4579
131704297.0,4579
58557659.0,4580
6540428.0,4581
9681.0,4581
39186.0,4582
5311128.0,4583
14373.0,4584
10311306.0,4585
132212657.0,3679
5440.0,4586
172198.0,4587
213046.0,4588
26987.0,4589
60823.0,762
60815.0,4590
3342.0,4591
774.0,4592
3955.0,4593
24826799.0,4594
3518.0,4595
3652.0,4596
5282338.0,4597
60663.0,4599
16960.0,4600
5351387.0,2364
5193.0,4603
2968.0,4604
439260.0,1191
71183.0,31
4062.0,4605
5311068.0,4606
3290.0,4607
34633.0,4608
446157.0,760
3826.0,4609
60750.0,4610
5365247.0,4611
41987.0,4611
5329032.0,1540
71544786.0,4612
107807.0,4613
39765.0,4614
9854012.0,4615
60753.0,4616
30487.0,4617
4086.0,4618
2099.0,4619
447607.0,4620
9601226.0,4621
55891.0,4621
47811.0,4622
44462760.0,4623
3033538.0,4624
9400.0,613
5401.0,4625
31703.0,4627
5284570.0,4628
130306983.0,4629
9926791.0,4630
59509752.0,4631
136662663.0,4632
5523.0,4633
33741.0,4633
154257.0,4637
56339.0,4639
25126798.0,4640
6843.0,4642
4032.0,4643
5284604.0,4644
2733526.0,4645
9957843.0,4646
5487427.0,4647
158784.0,4648
6726.0,4649
3675.0,4650
3005573.0,4651
73355910.0,4652
3009355.0,4653
3001028.0,4654
9810532.0,4655
5311497.0,4656
44424639.0,4656
5002.0,475
11502243.0,3788
135409409.0,4657
444499.0,4657
36811.0,4659
4969.0,4660
9853053.0,4661
59174488.0,4663
2130.0,4664
65866.0,4665
9828911.0,4668
60838.0,4669
178024.0,4670
29435.0,4671
6082.0,4672
2342.0,4673
4991.0,4674
135449332.0,4675
9846180.0,4675
4636.0,4676
4178.0,4677
21233.0,4678
60657.0,4679
52195.0,4681
2995.0,4683
5359371.0,4684
10770.0,4685
3105.0,4687
135409453.0,4688
5362436.0,4688
5574.0,4689
15604510.0,1801
54585.0,4690
6335412.0,4690
1201549.0,4691
5587.0,4693
6445230.0,4694
2200.0,4695
66558664.0,4696
38521.0,4697
60860.0,4698
3348.0,4699
446220.0,4700
11504295.0,4701
5419.0,4702
6041.0,4704
4976.0,4706
54678486.0,4708
5819.0,950
4095.0,4709
2431.0,4710
166625216.0,4711
6912404.0,4712
176870.0,4714
5533.0,4715
5472.0,4716
11315474.0,4717
24775005.0,4718
3520.0,4719
17277.0,4720
11154555.0,4721
9963057.0,4722
11450633.0,4723
4436.0,4724
448601.0,894
383414.0,894
10077130.0,4725
9966051.0,4726
71768094.0,4726
6337614.0,4727
5978.0,4728
60648.0,4729
4768.0,4730
441290.0,4731
23652731.0,4732
2800.0,4733
3601.0,4735
2905.0,4736
4633.0,4737
5487.0,4738
2131.0,4739
2562.0,4740
3001322.0,4741
5281071.0,4742
4078.0,4743
4884.0,4744
5353894.0,4744
6914273.0,4745
3083544.0,986
19861.0,111
3000715.0,1109
5311065.0,4746
27991.0,4746
60726.0,4748
2771.0,4749
92253.0,4751
4919.0,4752
23897.0,4753
4688.0,4754
5284549.0,4755
47319.0,4756
5284543.0,4758
5029.0,4760
3111.0,2683
522325.0,2683
681.0,4761
10071196.0,4762
4631.0,4763
6450823.0,4764
156419.0,4767
11273179.0,4768
134129862.0,4769
16231.0,4770
10007.0,4771
261004.0,359
6918456.0,4772
4914.0,4773
25074470.0,227
4641.0,860
4195.0,4774
5282443.0,4775
68617.0,4776
5906.0,4777
4034.0,127
3677.0,1190
9832383.0,4778
62887.0,1043
5281075.0,4779
77999.0,4780
6324663.0,4781
36736.0,4781
54687.0,4782
11239949.0,4783
56928011.0,4784
16137828.0,4784
5210.0,1064
54385.0,4785
71587953.0,4786
15981397.0,4787
72078.0,633
2444.0,4788
2405.0,259
6834.0,4789
5359272.0,4790
16136245.0,4791
5311399.0,4792
3410.0,986
5152.0,4793
5324346.0,4794
3404.0,4794
3202.0,4796
33036.0,4797
9651.0,4799
1549000.0,4800
9961435.0,4801
4456.0,4802
11658860.0,4803
135400189.0,4804
110634.0,4804
9874592.0,4805
3083445.0,4806
6729.0,4807
6435808.0,2355
3158.0,4808
667468.0,4808
667477.0,4808
16130957.0,4809
6918267.0,4810
5314.0,4811
3651.0,4812
5388962.0,4813
155817456.0,4816
14257662.0,4824
1051.0,4827
70678590.0,4828
135444742.0,4829
91443.0,4829
34755.0,4830
1060.0,4831
6140.0,4832
171548.0,4833
305.0,4834
54670067.0,4835
1103.0,4836
5960.0,4837
5961.0,4838
6083.0,4839
5280934.0,4840
6057.0,4841
1110.0,4842
493570.0,4843
1738118.0,4844
33032.0,4845
124886.0,4846
750.0,4847
586.0,4848
6305.0,4849
5862.0,4850
1130.0,4851
5280581.0,4852
439153.0,4853
135398658.0,4854
6037.0,4854
446284.0,4855
5950.0,4856
445354.0,4857
1054.0,4858
134601.0,4859
4055.0,4860
5957.0,4861
145742.0,4862
6267.0,4863
9853654.0,4864
21704.0,4865
65028.0,4866
12560.0,4867
70678542.0,4868
4993.0,4869
447043.0,4870
6324659.0,4871
152946.0,4872
71415.0,618
4649.0,4873
127151.0,2403
5353853.0,4874
5311000.0,4875
20279.0,4876
2812.0,4877
6234.0,4878
688020.0,4879
2883.0,4879
23667301.0,4880
5460769.0,4881
5360373.0,4881
135398748.0,4882
4725.0,4882
11643449.0,4883
40839.0,4883
2148.0,4884
4046.0,4885
2576.0,4886
154417.0,4888
23615975.0,4889
29327.0,4889
727.0,4890
6256.0,4891
5578.0,4892
41867.0,4893
8378.0,4894
23665772.0,4895
57402144.0,4896
31304.0,4896
3229.0,4897
3034034.0,4898
54677971.0,4899
5284592.0,1027
51081.0,4900
35370.0,4901
2082.0,4902
6957673.0,4903
5510.0,4904
6915944.0,4906
2764.0,4907
5388993.0,4728
37632.0,4908
2266.0,4909
1990.0,4910
4114.0,4911
60855.0,4912
10917.0,4913
6436135.0,4914
28864.0,4915
4837.0,4916
5311167.0,4917
6917698.0,973
2719.0,4918
2761171.0,4919
2165.0,4920
5362417.0,4921
54680690.0,4922
10909430.0,4923
938.0,4924
24763.0,4925
4030.0,4926
36523.0,4263
135403648.0,4927
6006.0,4927
24083.0,4928
5577.0,4929
16490.0,619
2345.0,4930
62959.0,4931
37720.0,4932
31378.0,4933
16850.0,4934
34040.0,4935
3052.0,4937
50294.0,4938
25419.0,4939
10429215.0,4940
6646.0,4940
47641.0,4941
73342.0,4941
4735.0,4942
131704172.0,4943
5530.0,4944
3598.0,4945
54675776.0,4946
4873.0,4947
441335.0,4948
4004.0,4949
4421.0,4950
55466.0,4952
3423265.0,4953
287180.0,4954
1676.0,4955
16666.0,4956
2762.0,4957
44115.0,4958
5361323.0,4958
2794.0,4960
6058.0,4961
26879.0,4962
8271.0,4963
135398738.0,4964
5351166.0,4964
137.0,4965
1549008.0,4966
6011.0,958
2119.0,4967
688570.0,4968
33572.0,4968
7699.0,4969
3516.0,4970
5281881.0,4971
57697.0,4972
656629.0,4973
45266800.0,4975
702.0,4976
135398739.0,4977
50599.0,4977
8249.0,4978
338.0,4979
457193.0,4980
3948.0,4981
157922.0,4982
70788951.0,4983
2882.0,4984
5482.0,4985
4174.0,4986
54675783.0,4987
5284607.0,4988
3823.0,4989
3284.0,4990
5282054.0,4991
28517.0,4991
135398735.0,4992
5381226.0,4992
54675769.0,4994
5904.0,4995
440473.0,4996
4891.0,4997
4539.0,4998
657237.0,4999
3305.0,5000
19649.0,5001
2337.0,5002
4908.0,5003
2484.0,5004
439501.0,5005
679.0,5006
72281.0,5007
60789.0,5008
237.0,5009
4189.0,5010
4680.0,5011
74989.0,5012
3198.0,5013
6178111.0,5014
4923.0,5014
60937.0,5015
2141.0,5016
5583.0,5017
4583.0,5018
4915.0,5019
4763.0,5020
2717.0,5021
10607.0,1700
2749.0,5022
259331.0,5023
3950.0,5024
5362391.0,5025
60464.0,5026
37393.0,5027
6436173.0,5028
2722.0,5029
91610.0,5030
443884.0,5031
3637.0,5033
3011155.0,5034
32778.0,5035
2372.0,5036
439213.0,5037
17134.0,5038
33255.0,5039
132706.0,5041
60921.0,5043
2164.0,5044
6464.0,5045
6473.0,5046
10518.0,5047
3608.0,5048
28486.0,46
688563.0,3603
688561.0,3603
16682987.0,5052
9565.0,5054
5875.0,5055
516892.0,5056
8969.0,5057
54684589.0,5058
5161.0,5059
5429.0,5062
165580.0,5063
19910.0,5064
441080.0,5065
4632.0,5066
2218.0,5067
33887.0,5068
235905.0,2803
10517.0,5069
62296.0,5070
26175.0,5071
10668.0,5072
10257.0,5073
1615.0,5074
6090.0,5075
13493.0,5076
14584.0,5077
62787.0,5078
5359271.0,5079
27402.0,5080
31721.0,5081
2294.0,5083
62065.0,5084
6089.0,5085
37367.0,5086
1614.0,5089
17925.0,5090
62751.0,5091
10634.0,5092
85875.0,5093
62156.0,5094
6128.0,5095
98527.0,5096
13308.0,5097
3299.0,5098
443408.0,5099
62436.0,5100
2816.0,5101
222865.0,5102
28204.0,5103
5359421.0,5104
3369.0,5105
17150.0,5106
33746.0,5109
23994.0,5111
3033621.0,5112
4506.0,5113
5468.0,5114
4747.0,5115
10026.0,5116
5284553.0,5117
6077.0,5118
26035.0,5119
62867.0,5120
9429.0,5121
5311507.0,5122
5288596.0,5123
9700.0,5124
5280961.0,5126
449190.0,5127
637540.0,5128
135403646.0,5129
8646.0,5129
444972.0,5131
5287544.0,5132
443119.0,5133
5287931.0,5133
123831.0,5135
1944.0,5136
5280805.0,5137
5881.0,5139
1628.0,5140
1015.0,5141
159055.0,5143
4347.0,5144
439155.0,5145
439744.0,5146
3840.0,5147
447682.0,5148
185915.0,5149
1282.0,5150
8515.0,5151
120231.0,5152
647.0,5153
154575.0,5154
448008.0,5155
66827.0,5156
114683.0,5157
439202.0,5161
99478.0,5163
6228.0,5165
5280863.0,5166
8629.0,5167
107758.0,5168
689043.0,5170
447256.0,5171
101989.0,5172
441298.0,5174
446795.0,5175
444237.0,5176
5287515.0,5177
1045.0,5180
68238.0,5181
1779.0,5183
72271.0,1807
3922.0,5184
284.0,5185
5287463.0,5186
448014.0,5187
445501.0,5188
27934.0,5189
8064.0,5190
1123.0,5191
30819.0,5192
65389.0,5193
135398631.0,5195
6804.0,5195
447732.0,5196
87642.0,5197
7970.0,5198
1649.0,5199
44259.0,5201
135398604.0,5202
98792.0,5202
2120.0,5203
160024.0,5204
158376.0,5205
4357.0,5206
51683.0,5207
1433.0,5208
3707.0,5211
5326739.0,5211
448457.0,5212
158397.0,5213
4368.0,5216
5280353.0,5217
91493.0,5218
8189.0,5219
286.0,5220
447956.0,5222
7054.0,5223
447340.0,5224
449157.0,5225
3870203.0,5226
12717.0,5227
107971.0,5229
4592.0,5230
5724.0,5233
1188.0,5234
447029.0,5235
1549098.0,5236
4939.0,5237
446512.0,5238
223368.0,5239
6227.0,5240
1893.0,5241
12374.0,5243
5289295.0,5244
24417.0,5245
135445969.0,5247
444498.0,5247
289.0,5248
5139.0,5249
11579.0,5251
132519.0,5252
13712.0,5253
108156.0,5255
3371.0,5256
1021.0,5257
439176.0,5258
4971.0,5259
100714.0,5260
31260.0,5261
118458.0,5262
135398570.0,5266
24316.0,5266
445382.0,5267
446201.0,5268
449489.0,5269
3776.0,5270
15689.0,5272
447527.0,5273
66414.0,5275
16760554.0,5275
447249.0,5277
90334.0,5279
5281672.0,5283
135398634.0,5284
764.0,5284
64689.0,5285
446124.0,5286
4470790.0,5287
7991.0,5290
4564.0,5291
449125.0,5293
5288382.0,5294
6176.0,5295
447522.0,5296
12530.0,5297
155448.0,5298
64968.0,5299
135415618.0,5304
448110.0,5304
447480.0,5310
6119062.0,5310
119.0,5311
6590.0,5312
5326713.0,5314
445995.0,5315
445114.0,5318
447077.0,5319
135413525.0,5320
60817.0,5320
47936.0,5321
13711.0,5323
1604.0,5325
447339.0,5328
445420.0,5330
6437378.0,5330
444764.0,5331
172469.0,5333
6917655.0,5334
449088.0,5335
83887.0,5336
3973.0,5337
221493.0,5338
9578243.0,5339
1829.0,5340
448087.0,5341
5288394.0,5342
135398517.0,5343
63306.0,5343
936.0,5345
445154.0,5346
445825.0,5348
447030.0,5349
448991.0,5350
2605.0,5351
6029.0,5352
448965.0,5353
447532.0,5355
5288266.0,5357
8153.0,5360
8955.0,5361
7478.0,5362
5287596.0,5367
447196.0,5368
441443.0,5369
447546.0,5372
448658.0,5373
5282253.0,5376
135398635.0,5377
6802.0,5377
5281897.0,5378
5311365.0,5379
65077.0,5380
5289501.0,5381
712421.0,5383
84815.0,5385
447096.0,5387
10635.0,5388
447537.0,5389
4849.0,5392
8094.0,5393
5287850.0,5395
5798.0,5396
126569.0,5397
3311.0,5403
2513.0,5404
261000.0,5405
40539.0,5406
3893.0,5409
3952261.0,5412
8758.0,5413
17473.0,5414
73271.0,5415
53001.0,5416
78607.0,5417
444451.0,5420
98487.0,5421
5289215.0,5422
5288600.0,5423
757.0,5424
7405.0,5425
5288564.0,5426
408285.0,5427
24239.0,5428
439236.0,5429
5287555.0,5430
892.0,5431
239.0,5432
449304.0,5433
7245.0,5434
5287461.0,5435
123895.0,5438
643975.0,5439
92199.0,5440
447476.0,5441
5280335.0,5442
446801.0,5444
449013.0,5445
15993.0,5447
9060.0,5448
69590.0,5450
996.0,5451
16402.0,5452
5287443.0,5453
445456.0,5455
447202.0,5456
12793.0,5458
107984.0,5459
5287488.0,5460
65359.0,5461
446727.0,5462
31275.0,5463
4369285.0,5465
1567.0,5467
168120.0,5468
446752.0,5469
5687.0,5470
448942.0,5471
449014.0,5472
13195.0,5473
60594.0,5474
439456.0,5475
127716.0,5477
1174.0,5478
72172.0,5479
6031.0,5480
5288670.0,5482
73896915.0,5482
1135.0,5483
445575.0,5484
439246.0,5485
5226.0,5486
1396.0,5487
444200.0,5488
18068.0,5489
5287550.0,5491
122623.0,5493
135438608.0,5494
443388.0,5494
6950578.0,5495
743.0,5496
69672.0,5497
126.0,5498
1102.0,5499
264.0,5500
6468.0,5503
880.0,5504
447523.0,5505
9257.0,5506
2969.0,5509
114829.0,2106
5803.0,5510
158758.0,5511
135440068.0,5512
165138.0,5512
71306319.0,5513
222528.0,5514
447874.0,5516
5326727.0,5516
447534.0,5517
69020.0,5519
1506.0,5521
5353307.0,5521
445722.0,5522
1933.0,5526
4359.0,5527
676454.0,5529
1758.0,5530
3455.0,5531
347590.0,5532
447524.0,5534
444885.0,5535
148140.0,5536
162636.0,5537
82313.0,5539
6503.0,5541
445580.0,5542
6323491.0,5544
3899541.0,5545
2396.0,5546
4754.0,5548
447905.0,5550
243.0,5551
985.0,5552
446725.0,5554
5289228.0,5555
78165.0,5556
4478249.0,5556
5287465.0,5558
449035.0,5559
712.0,5560
104625.0,5562
448769.0,5563
2758.0,5564
273.0,5565
104772.0,5566
5362422.0,5571
242332.0,5572
5289310.0,5575
5289227.0,5576
6386.0,5577
971.0,5578
91532.0,5580
1331.0,5581
447966.0,5583
71077.0,5585
974.0,5587
1014.0,5588
2733514.0,5590
447945.0,5591
54706138.0,5593
9085.0,5596
440121.0,5598
5172.0,5599
444763.0,5600
6133.0,5601
2429.0,5602
1511.0,5603
5005498.0,5604
4380.0,5605
445319.0,5606
445694.0,5608
657140.0,5609
637542.0,5610
135398638.0,5611
790.0,5611
75791.0,5612
135488881.0,5615
446221.0,5615
104799.0,5616
46936889.0,5616
2353.0,5617
440053.0,5618
97536.0,5619
135398633.0,5620
6830.0,5620
15433.0,5622
448055.0,5623
5288598.0,5624
1023.0,5625
446244.0,5626
4369270.0,5627
4026.0,5629
3764.0,5631
2993.0,5633
4358.0,5634
378.0,5635
5280343.0,5636
159738.0,5637
440005.0,5638
637517.0,5639
135.0,5641
20689.0,5642
89105.0,5643
446355.0,5644
135460987.0,5645
448999.0,5645
123865.0,5646
311.0,5648
903.0,5649
441481.0,5650
446400.0,5651
446600.0,5652
444732.0,5653
446245.0,5654
5289289.0,5655
135398619.0,5656
8977.0,5656
1001.0,5657
5164.0,5660
193653.0,5661
6675.0,5662
2230.0,5663
135451156.0,5664
5288032.0,5664
159596.0,5665
499953.0,5667
1662.0,5668
447466.0,5670
444569.0,5671
68368.0,5677
1609.0,5679
1694.0,5680
446313.0,5683
1369.0,5684
5789.0,5685
447518.0,5689
68841.0,5691
448022.0,5692
193613.0,5694
21501.0,5695
5997.0,5696
4488.0,5697
444899.0,5699
181426.0,5700
135398640.0,5702
8582.0,5702
3357.0,5703
205131.0,5704
77918.0,5705
2196.0,5706
5330608.0,5707
656986.0,5710
2901.0,5711
5839.0,5712
5753.0,5713
24466.0,5714
124434.0,5715
657272.0,5716
323.0,5717
8631.0,5718
24360.0,5719
10621.0,5720
65094.0,5721
3064778.0,5722
3739.0,5723
1195.0,5724
5494425.0,5725
5326976.0,5726
133021.0,5728
72394.0,5729
4495.0,5730
6038.0,5731
456214.0,5732
5289247.0,5736
25945.0,5737
4369524.0,5738
5601.0,5739
5289514.0,5740
5282761.0,5742
2406.0,5743
2788.0,5744
4764.0,5745
5733.0,5746
5761.0,5747
2795.0,5748
2893.0,5749
941361.0,5750
9614919.0,5751
135413511.0,5752
33776.0,5752
198752.0,5753
135409474.0,5754
72231.0,5754
9576916.0,5755
854026.0,4116
285033.0,5756
122077.0,5757
219077.0,5759
153270.0,5760
44559754.0,5761
11953931.0,5761
119373.0,5762
192706.0,5763
6918026.0,2219
108092.0,5766
6918248.0,5767
219100.0,5768
40326.0,5770
40632.0,5773
10180.0,5774
154000.0,5775
5312109.0,5776
16135625.0,5777
9955116.0,5778
6918670.0,5779
16132416.0,5780
65632.0,5782
466151.0,5785
60748.0,5786
71613.0,5787
5362259.0,5788
101616.0,5789
11560787.0,5792
6917951.0,5796
23663404.0,5796
47938.0,5798
65781.0,5799
153948.0,5801
208925.0,5803
807.0,5805
2146.0,5806
9911482.0,5807
6433099.0,5809
9821217.0,5811
9892540.0,5812
9905233.0,5813
6918562.0,5814
9935073.0,5815
6421776.0,5816
11567682.0,5817
6992140.0,5818
9848869.0,5819
129869.0,5820
3010818.0,5821
10016012.0,5825
9882189.0,5826
56927674.0,5829
100427.0,5832
6918446.0,5833
10102486.0,5834
10772467.0,5834
9939865.0,5835
9885841.0,5836
76321093.0,5837
135409468.0,5838
148189.0,5840
148202.0,4134
3038506.0,5843
5310967.0,5844
54682876.0,5845
6918653.0,5846
11225102.0,5849
11159621.0,5852
11483754.0,5854
23626877.0,5857
11234794.0,5861
4184.0,5863
12035.0,5864
4567.0,5865
27400.0,5866
124093.0,5867
130731.0,5869
6918572.0,5870
134019.0,5871
16134627.0,5873
23724878.0,5873
71351.0,5875
123964.0,5876
5472495.0,5877
3699.0,5879
9576891.0,5880
5511.0,5881
6918336.0,5883
135564845.0,5884
9917968.0,5885
12136798.0,5886
53394037.0,5886
213043.0,5888
439035.0,5889
6918602.0,5890
216468.0,5891
71234.0,5892
3081362.0,5893
451448.0,5896
5360621.0,5897
70177.0,5898
133090.0,5899
10343641.0,5900
166558.0,5902
123618.0,5903
151172.0,5904
9932888.0,2133
70691449.0,5905
66000.0,5906
119590.0,5910
9825701.0,5911
157049.0,5912
9823294.0,5913
216456.0,5914
9829526.0,5915
6918324.0,5916
204105.0,5917
6918339.0,5918
216385.0,5922
9907323.0,5924
11635763.0,5926
148177.0,5927
155543961.0,43
54677946.0,5929
5282489.0,5930
64715.0,5931
68911.0,5932
73049652.0,5933
22297.0,5934
6437380.0,5935
7558.0,5936
3038498.0,5937
71733.0,5938
5335.0,5939
3058751.0,5940
2361.0,5941
6436223.0,5942
10101.0,5944
6450546.0,5945
9909368.0,5946
9898279.0,5947
46937026.0,5947
27854.0,5950
200742.0,5952
3998.0,5953
6151.0,5954
19675.0,5955
1570.0,5956
26041.0,5956
4775.0,5957
5565.0,5958
5276520.0,5960
16122612.0,5961
6852167.0,5962
736234.0,5963
1082702.0,5964
6102691.0,5968
25113127.0,5969
7023019.0,5970
25011732.0,5971
11634458.0,5972
6443013.0,5973
1540.0,5974
6623.0,5975
25220914.0,5976
24180719.0,5977
9797857.0,5978
656936.0,5981
18794.0,5983
157839.0,5984
10125830.0,5985
25271577.0,5986
2776424.0,5987
1720.0,5988
22690393.0,5989
24768560.0,5990
22692237.0,5991
5227.0,5992
2782689.0,5993
6102690.0,5994
4566.0,5996
180621.0,5997
25113125.0,6000
6914621.0,6001
16757525.0,6002
135440536.0,6003
11357504.0,6003
11492186.0,6004
9842606.0,6005
6420118.0,6006
7060565.0,6007
4565.0,6008
216454.0,6009
2776332.0,6010
44129620.0,6011
9911502.0,6012
9882972.0,6013
9797919.0,6014
346926.0,6015
5312830.0,6016
1069140.0,6017
6102684.0,6018
9925908.0,6020
210332.0,6021
5280443.0,6023
13472.0,6025
448285.0,6026
4369084.0,6028
16086422.0,6029
9886249.0,6030
16122554.0,6031
16122553.0,6032
263366.0,6033
9824562.0,6034
9862248.0,6035
16122556.0,6036
44631903.0,6039
11790.0,6042
2352168.0,6043
462919.0,6045
3332.0,6046
7595.0,6047
5287855.0,6048
16750123.0,6049
24180722.0,6050
9549303.0,6051
9882812.0,6052
446504.0,6053
92745.0,6054
10062714.0,6055
984170.0,6056
5327091.0,6056
5282230.0,6057
11332763.0,6058
67532.0,6059
5192.0,6061
848641.0,6062
5288064.0,6063
4708.0,6066
5330812.0,6067
135522417.0,6068
10219702.0,6068
11368987.0,6072
149790.0,6073
11149479.0,6074
3220.0,6075
979.0,6076
854023.0,6077
445858.0,6080
10680.0,6081
445713.0,6082
11493598.0,6083
5281614.0,6084
4788.0,6085
12106168.0,6086
447277.0,6087
11149906.0,6088
644213.0,6089
4395717.0,6090
448043.0,6091
6540277.0,6093
5280953.0,6094
128564.0,6097
3758.0,6099
447835.0,6101
4369080.0,6102
449241.0,6103
3540.0,6104
9547915.0,6105
5329103.0,6106
11655511.0,6107
5312137.0,6108
123982.0,6109
135566322.0,6111
14086997.0,6111
5413034.0,6112
24905142.0,6113
11291932.0,6114
312145.0,6115
449126.0,6116
763936.0,6117
5403336.0,6117
10172943.0,6118
6603901.0,6119
4369325.0,6120
14899645.0,6121
11560224.0,6122
5326871.0,6123
11483970.0,6124
87031.0,6125
9926933.0,6126
9994066.0,6127
680935.0,6128
3161908.0,6130
96876.0,6132
4139.0,6133
92249.0,6134
23727981.0,6135
447278.0,6136
23727982.0,6137
115348.0,6138
82315.0,6142
1504717.0,6144
11005.0,6145
447649.0,6146
8408.0,6147
8420.0,6148
4149241.0,6149
6420119.0,6150
6420120.0,6151
14357.0,6152
398148.0,6153
9817381.0,6154
3246941.0,6155
447700.0,6156
4858.0,6157
8179.0,6158
10389239.0,6159
11493841.0,6160
4722579.0,6161
657061.0,6163
1530.0,6164
194777.0,6165
9804302.0,6166
448968.0,6167
11160307.0,6168
6419766.0,6169
10401956.0,6170
185914.0,6171
5894.0,6172
5487313.0,6175
24856357.0,6176
73571.0,6178
5171.0,6179
123920.0,6180
11314340.0,6181
5289418.0,6183
4369452.0,6184
11524144.0,6186
5564.0,6189
146089.0,6191
4369380.0,6192
11138.0,6193
369976.0,6194
1150.0,6196
447446.0,6198
44237094.0,6199
9994897.0,6200
448042.0,6201
11460087.0,6202
6852129.0,6203
92180.0,6204
176407.0,6205
1613.0,6206
76098.0,6207
169682.0,6208
3777900.0,6209
25295.0,6210
3781.0,6211
1548992.0,6212
5105.0,6213
44112.0,6214
2475.0,6215
6597.0,6216
68867.0,6217
5502.0,6218
9458.0,6220
17754356.0,6222
3086674.0,6223
9848818.0,6224
210320.0,6225
443874.0,6226
5413.0,6227
199.0,6228
5202.0,6229
5610.0,6230
5281855.0,6231
3532.0,6232
4498.0,6233
5280493.0,6234
6917707.0,6235
104787.0,6236
6451164.0,6238
169371.0,6239
11273.0,6240
115368.0,6241
73333.0,6242
2710.0,6243
3760.0,6244
3720.0,6245
33625.0,6246
3689.0,6247
68704.0,6248
3604.0,6249
5282237.0,6250
3336.0,6251
3335.0,6252
5281613.0,6253
94280.0,6254
62865.0,6255
10240.0,6256
21772.0,6257
2451.0,6258
2442.0,6259
2391.0,6260
9330.0,6261
3599.0,6262
11567473.0,6263
16132344.0,6265
21109.0,6266
444008.0,6267
3314.0,6268
10767.0,6269
5573.0,6270
40704.0,6271
9913.0,6273
54675777.0,6274
54708735.0,6274
11954369.0,6275
7187.0,6276
3086401.0,3878
24529.0,6282
23668193.0,6282
56955933.0,6283
5311454.0,6284
68861.0,6285
9949848.0,6286
977.0,6289
11501341.0,6291
24822371.0,6292
15950376.0,6293
6224.0,6294
6297.0,6295
9562061.0,6295
3307.0,6296
10070040.0,6298
60728.0,6299
4500.0,6300
40589.0,6301
157919.0,6303
9826451.0,6304
2750.0,6305
2765.0,6306
2239.0,6307
37264.0,6308
5311356.0,6310
6438378.0,6311
65679.0,6312
610479.0,6313
208910.0,6314
47528.0,6315
51051629.0,6316
6918055.0,6316
15387.0,6317
5736.0,6318
2225.0,6320
656668.0,6321
119171.0,6322
60602.0,6323
6099.0,6324
68802.0,6325
5281915.0,6328
20054871.0,6329
50942.0,6330
5353788.0,6331
5531.0,6332
72106.0,6333
4830.0,6334
68865.0,6335
68870.0,6336
48229.0,6337
160883.0,6338
6852391.0,6338
5205.0,6339
5241.0,6343
443130.0,6345
4886.0,6346
9409.0,6347
12597.0,6350
134717.0,6351
516900.0,6352
10340.0,6355
753.0,6356
24436.0,6357
11029.0,6358
785.0,6360
4133.0,6362
5456.0,6363
8362.0,6369
8361.0,6370
25213.0,6371
24012.0,6372
5054.0,6373
24434.0,6374
784.0,6375
13136.0,6376
1923.0,6383
708857.0,6384
2202.0,6385
7077.0,6386
5282593.0,6388
6434217.0,6391
7019255.0,6391
8569.0,6392
5457.0,6393
3610.0,6394
5281612.0,6395
5281718.0,6396
8768.0,6397
168871.0,6398
114948.0,6399
65667.0,6400
64782.0,6401
64685.0,6402
6880.0,6407
2998.0,6408
3109.0,6409
8771.0,6410
444294.0,6412
24456.0,6413
5199.0,6414
54676478.0,6415
15443.0,6416
9917862.0,6417
68602.0,6419
251636.0,6420
59757.0,6421
5707.0,6422
5284595.0,6423
697993.0,6424
6472.0,6425
5311053.0,6426
5311100.0,6427
21389.0,6428
3705.0,6434
5282430.0,6434
9915886.0,6436
10083.0,6437
281.0,6439
16684434.0,6440
451415.0,6449
27812.0,6450
71237.0,6451
443380.0,6452
6918485.0,6454
3000518.0,6456
54678924.0,6458
5042.0,6459
6918412.0,6460
969516.0,6461
1052.0,6462
10429242.0,6464
16201612.0,6465
197033.0,6466
10298385.0,6468
5311051.0,6469
5280757.0,6470
22524140.0,6470
93147.0,6471
49836093.0,6473
53477157.0,6475
6918612.0,6477
9795056.0,6478
5280878.0,6485
57336276.0,6487
5437.0,6489
135564655.0,6491
71587872.0,6491
4578.0,6492
3845.0,6494
3885.0,6496
108144.0,6497
46700761.0,6498
24988201.0,6500
26248.0,6502
72304.0,6503
25114442.0,6506
107985.0,6507
11609586.0,6508
72276.0,6510
71236992.0,6511
5318997.0,6512
443289.0,4000
5663.0,6514
11691484.0,6515
24737642.0,6516
6918265.0,6518
72301.0,6519
44600.0,6520
11241908.0,6521
24770514.0,6522
1355.0,6523
107992.0,6524
65064.0,6525
10950142.0,6527
439201.0,6528
25101874.0,6529
11287722.0,6530
6918736.0,6531
5282203.0,6532
483477.0,6533
10331844.0,6534
11465618.0,6539
3083542.0,6541
12004316.0,6542
60956.0,6543
476861.0,6544
448545.0,6545
4021.0,6547
51039095.0,1703
448281.0,6549
4942.0,6552
11178958.0,6553
5281807.0,6554
237332.0,6555
44469321.0,6556
31402.0,6557
51353551.0,6558
9885653.0,6559
55483.0,6560
9571037.0,6561
3037233.0,6563
24875259.0,6564
128563.0,6565
5944.0,6566
11224409.0,6567
2723847.0,6568
153976.0,6569
11682175.0,6570
135564632.0,1720
57899889.0,1720
9831659.0,6571
46940575.0,6573
97226.0,6574
11609955.0,6575
151897.0,6576
16126898.0,6578
5143.0,6579
9868980.0,6580
9893228.0,6581
9808372.0,6582
119032.0,6583
137994.0,6584
957.0,6585
3822.0,6586
4850.0,6587
29243.0,6588
9883915.0,6589
25194767.0,6594
3033769.0,6595
4621.0,6597
134664.0,6598
47318.0,6599
53476877.0,6600
339455.0,6602
5351360.0,6602
4031.0,6603
9828310.0,6605
9800765.0,6606
10286834.0,6607
638024.0,6608
4413.0,6609
3194.0,6610
135565545.0,1465
16750408.0,1465
42613186.0,6611
259846.0,6612
18376177.0,6613
9549213.0,6615
9804992.0,6616
9929901.0,6617
25077438.0,6618
400010.0,6619
5639.0,6620
5280804.0,6621
443363.0,6622
5318980.0,6624
53354764.0,6625
11210478.0,6626
5074.0,6628
55652.0,6630
6050.0,6631
4744.0,6632
71354.0,6633
57413968.0,6634
39836.0,6635
30165.0,6636
12228.0,6637
49802864.0,6638
6450806.0,6639
5806.0,6640
71750.0,6641
11230.0,6642
11358855.0,6644
3447.0,6645
16685.0,6646
11541511.0,6649
4996.0,6650
54575171.0,6652
65954.0,6653
60703.0,6654
6419718.0,6656
3712.0,6657
65853.0,6658
55473.0,6659
11646777.0,6663
57345410.0,6665
1234.0,6666
135659063.0,6667
162834.0,6667
1329.0,6669
3045.0,6670
51349239.0,6672
5280492.0,6673
5351154.0,6675
148198.0,6676
5281800.0,6677
25429.0,6679
3663.0,6681
5281051.0,6681
46944259.0,1436
9893658.0,6683
3503.0,6685
135421197.0,6686
6851947.0,6686
108068.0,6689
6473881.0,6689
5524.0,6690
60652.0,6691
9799284.0,6692
10114.0,6693
3081346.0,6695
54684617.0,6697
135565672.0,6698
16736198.0,6698
11953346.0,6699
450601.0,6703
5281417.0,6708
92400.0,6711
9904.0,6712
5283468.0,6713
10168.0,6715
202225.0,6716
5281708.0,6717
9548602.0,6718
9687.0,6721
457954.0,6722
5455.0,6723
51712.0,6724
4581.0,6725
4905.0,6726
62662.0,6727
1979.0,6728
33675.0,6729
35805.0,6730
220401.0,6731
40391.0,6732
72139.0,6733
107715.0,6734
2466.0,6735
66377.0,6736
4041.0,6737
60712.0,6738
9395.0,6739
68778.0,6740
452550.0,6741
34055.0,6742
28693.0,6743
71698.0,6744
2377.0,6745
5567.0,6746
183797.0,6749
4117.0,6750
3033860.0,6751
15139.0,6752
3074.0,6753
3026.0,6754
2536.0,6755
11442.0,6756
15558638.0,6756
135412781.0,6757
14982.0,6758
72014.0,6759
3926.0,6761
6918191.0,6762
36920.0,6763
42396.0,6764
33630.0,6765
71203.0,6766
3932.0,6768
3037918.0,6769
38668.0,6770
2194.0,6771
93057.0,6772
5311101.0,653
13314.0,6773
3564.0,6774
5280951.0,6774
44571.0,6775
14759.0,6781
44200882.0,6789
10264356.0,6790
5311501.0,6793
222757.0,6794
5113032.0,4168
9818878.0,6798
6604889.0,6799
1832.0,6805
9852188.0,6806
57394020.0,6808
57394021.0,6809
11808.0,6811
8400.0,6812
2997.0,6813
60870.0,6814
6918151.0,6815
4671.0,6820
943.0,6821
11601669.0,6822
119034.0,6823
9865808.0,6824
4553.0,6825
3634.0,6826
6438151.0,6827
65808.0,6828
71225.0,6829
3949.0,6830
73078.0,6831
213040.0,6832
6918097.0,6833
6450807.0,6834
114743.0,6835
9939298.0,6836
2286.0,6837
9064.0,6838
5280450.0,6839
158637.0,6840
10430040.0,6841
5892.0,6842
10661.0,6843
403.0,6844
7188.0,6845
637566.0,6846
637511.0,6847
7888.0,6848
55331.0,6849
7456.0,6850
5281650.0,6851
24203.0,6853
3007855.0,6856
102697.0,6863
629281.0,6866
135412795.0,6867
2543.0,6871
9049.0,6875
44539266.0,6878
118572065.0,6879
52950901.0,6881
73777259.0,6883
58507717.0,6884
24967599.0,6886
53373585.0,6887
25190990.0,6889
67501411.0,6890
46926360.0,6891
16737780.0,6894
70957463.0,6898
76283707.0,6903
71059746.0,6913
25212148.0,6914
65650.0,6915
51030730.0,6918
24737742.0,6919
59868.0,6928
44548240.0,6929
86287635.0,6930
118029202.0,6933
56839178.0,6935
77050638.0,6936
56961879.0,6942
10450387.0,6946
5280373.0,6948
5280378.0,6949
121596688.0,6953
166636641.0,6955
24983461.0,6956
53340426.0,6958
60195662.0,6959
21236.0,6960
65924.0,6963
5281771.0,6965
4177.0,6966
57267.0,6967
3246390.0,6968
331783.0,6970
397614.0,6971
73386890.0,6972
10156.0,6973
5281607.0,6975
5280445.0,6976
164090.0,6977
64945.0,6978
11837140.0,6983
56649297.0,6989
9844338.0,6990
98888.0,6991
11433918.0,7008
441975.0,7010
441071.0,7011
1238.0,7012
25086585.0,7015
25230266.0,7017
91754484.0,7024
91844733.0,7025
71270546.0,7027
25125217.0,7031
5281605.0,7035
11502996.0,7039
9887755.0,7041
58111426.0,7042
16133805.0,7044
6917049.0,7045
86345880.0,7046
118169620.0,7047
118092367.0,7048
11242315.0,7050
135564925.0,7051
208907.0,7055
46220503.0,7056
86269224.0,7057
204056.0,7060
11950726.0,1640
86292849.0,7062
442534.0,7068
25022340.0,7069
89875987.0,7072
122585383.0,7073
53378151.0,7075
10364.0,7081
24769759.0,7082
10281.0,7088
130298939.0,7096
5283454.0,7097
86291496.0,7098
433294.0,7104
15010.0,7105
135463437.0,7106
132260161.0,7124
132207249.0,7127
3651377.0,7130
5521.0,7134
5281654.0,7136
3894.0,7137
5281670.0,7138
6072.0,7139
56645576.0,7143
72202701.0,7144
9996409.0,7145
6022.0,7146
135151360.0,7147
46184986.0,7148
5281522.0,7149
8180.0,7150
10215.0,7151
31404.0,7152
5281792.0,7153
73051434.0,7154
2176.0,7155
5922.0,7156
72326.0,7157
66571643.0,7159
219018.0,7160
736083.0,7162
11741361.0,7163
53258905.0,7164
56654642.0,7165
60768.0,7166
44428550.0,7167
9817104.0,7168
118693659.0,7169
46907787.0,7170
5280436.0,7171
11228183.0,7172
2703.0,7173
3213.0,7174
3501.0,7175
126280.0,7176
5311340.0,7177
6445533.0,7178
11433190.0,7179
4712.0,7180
5328733.0,7181
4713.0,7182
11715767.0,7183
27924.0,7184
9884685.0,7185
10275789.0,7186
3387354.0,7187
3378093.0,7188
5186.0,7189
24772860.0,7190
5265.0,7191
11455910.0,7192
3006531.0,7193
6419834.0,7194
121926.0,7195
3797.0,7196
114999.0,7199
135565033.0,7201
11676971.0,7203
11960271.0,7204
78357765.0,7206
118910268.0,7207
11545920.0,7208
16156006.0,7210
5280666.0,7211
6913176.0,7212
6269.0,7213
46203139.0,7214
72195175.0,7215
135914977.0,7217
1324494.0,7222
135410906.0,7224
4342.0,7225
15942270.0,7226
11684.0,7227
91886002.0,7230
92044505.0,7231
1241420.0,7232
213054.0,7234
153980.0,7237
9794014.0,7238
138669688.0,7240
16759603.0,7241
132232205.0,7242
126642840.0,7243
9804984.0,7245
75593308.0,7246
71137.0,7247
74223469.0,7249
5322399.0,7250
46917559.0,7251
124083048.0,7252
73776233.0,7253
146591762.0,7254
44481866.0,7255
11539477.0,7256
65663.0,7257
91809202.0,7258
6918245.0,7261
135565656.0,7263
70701426.0,7266
444539.0,7267
177992.0,7272
139331495.0,7273
6199.0,7275
91754477.0,7280
122724.0,7281
11533060.0,7283
49837938.0,7284
11405965.0,7286
51030870.0,7288
44540045.0,7289
46179632.0,7290
124155204.0,7292
72704611.0,7293
129045720.0,7294
403128.0,7295
121362450.0,7296
137319706.0,7297
11619093.0,7298
146047148.0,7299
146603228.0,7300
25052519.0,7301
4076.0,7303
9854320.0,7304
71535962.0,7306
28397.0,7307
71580408.0,7308
135346794.0,7309
53389120.0,7310
130205852.0,7311
71812247.0,7313
49871869.0,7314
132010322.0,7316
11266244.0,7318
121412508.0,7319
117779453.0,7320
442793.0,7321
9918693.0,7322
121299620.0,7323
5318998.0,7324
72303.0,7325
148183.0,7326
9825652.0,7327
122702529.0,7329
44240142.0,7330
6103.0,7331
19090.0,7332
5463984.0,7335
5464344.0,7336
72022.0,7337
107994.0,7338
5464096.0,7339
3033702.0,7340
5464097.0,7341
3914.0,7342
91536.0,4464
448912.0,7344
5326843.0,7344
6441636.0,7345
20469.0,617
3125.0,7346
30843.0,7347
5282426.0,3934
3947.0,7348
10631.0,730
5287736.0,7349
219121.0,602
121494085.0,707
16682734.0,858
11979316.0,1238
135564996.0,1989
87453228.0,2216
77461017.0,3397
71455937.0,3416
129012199.0,3640
9841834.0,3660
170361.0,3866
137699448.0,4309
10297.0,4315
118984467.0,4579
135398747.0,4744
5311498.0,4828
25210.0,4905
6857474.0,4952
5311052.0,4959
53461739.0,5042
5359268.0,5050
5460341.0,5051
54682045.0,5060
236666.0,5082
3003157.0,5087
26721.0,5088
61996.0,5107
71371.0,5108
23925.0,5110
449159.0,5125
14309.0,5130
5289354.0,5134
5288385.0,5138
449120.0,5142
439407.0,5158
657081.0,5159
445561.0,5160
93485622.0,5162
448269.0,5162
5288437.0,5164
447536.0,5169
446320.0,5173
444708.0,5178
165339.0,5179
4627204.0,5182
444612.0,5194
439284.0,5200
448006.0,5209
3387240.0,5210
449593.0,5214
4290.0,5215
446275.0,5221
7464.0,5228
448940.0,5231
697959.0,5232
1055.0,5242
3013848.0,5246
10062737.0,5250
1755.0,5254
5288605.0,5263
168131.0,5264
9543427.0,5265
6323374.0,5271
46936357.0,5274
78057.0,5276
65241.0,5278
446833.0,5280
165230.0,5281
46936368.0,5282
447098.0,5288
446506.0,5289
104406.0,5292
657073.0,5300
1507.0,5301
445245.0,5302
10976469.0,5303
163884.0,5305
1855.0,5306
448400.0,5307
1549107.0,5308
88064.0,5309
135460967.0,5313
444725.0,5313
449555.0,5316
656989.0,5317
449633.0,5322
5289469.0,5324
445967.0,5326
46936435.0,5327
447450.0,5329
7057884.0,5332
444599.0,5344
447771.0,5347
444727.0,5354
445211.0,5356
2084.0,5358
445555.0,5359
135483765.0,5363
122671.0,5363
446127.0,5364
5287754.0,5365
6327654.0,5366
445062.0,5370
131153.0,5371
65533.0,5374
6369390.0,5375
5289108.0,5382
446414.0,5384
9543424.0,5386
445109.0,5390
447628.0,5391
17754027.0,5394
5289442.0,5398
11740154.0,5399
65258.0,5400
135431972.0,5401
444737.0,5401
4293.0,5402
445210.0,5407
5289205.0,5408
5288557.0,5410
233240.0,5411
446753.0,5418
1894.0,5419
444655.0,5436
1746.0,5437
447531.0,5443
4369101.0,5446
2734054.0,5449
446274.0,5454
444863.0,5457
135509077.0,5464
6323220.0,5464
448173.0,5466
444139.0,5481
657038.0,5490
4316.0,5492
447341.0,5501
5289258.0,5502
5496599.0,5507
447108.0,5508
5496872.0,5515
446876.0,5518
5288371.0,5520
134497.0,5523
72886.0,5524
445302.0,5525
5289294.0,5528
8761.0,5533
5287974.0,5538
447834.0,5540
5497045.0,5543
4286.0,5547
448011.0,5549
17754054.0,5553
74190.0,5557
4288.0,5561
5280883.0,5567
65124.0,5568
5438.0,5569
4369102.0,5570
135449517.0,5573
444475.0,5573
5287706.0,5574
17753777.0,5579
135509079.0,5582
6323235.0,5582
46936829.0,5584
449169.0,5586
17753915.0,5589
444389.0,5592
444570.0,5594
449167.0,5595
8747.0,5597
5288799.0,5607
4369103.0,5613
111509.0,5614
161358.0,5618
1865.0,5621
94191.0,5628
124823.0,5630
193512.0,5632
5414.0,5640
135460968.0,5647
444729.0,5647
17754130.0,5658
123871.0,5659
1514.0,5666
444567.0,5669
6858209.0,5672
17753965.0,5673
135398687.0,5674
119055.0,5674
4437.0,5675
445750.0,5676
4369394.0,5678
657095.0,5681
439750.0,5682
6951123.0,5686
6327350.0,5687
69507.0,5688
6323452.0,5690
170018.0,5693
445892.0,5698
1698.0,5701
5326966.0,5708
5326967.0,5709
4369579.0,5727
135464487.0,5733
5327013.0,5733
135464486.0,5734
5327012.0,5734
135464488.0,5735
5327014.0,5735
5327154.0,5741
6918373.0,5758
3052778.0,5769
6440180.0,5772
24770445.0,5781
10013505.0,5790
25030387.0,5791
21733122.0,5797
9919942.0,5800
3081907.0,5800
198746.0,5802
6918532.0,5808
9846339.0,5810
9867361.0,1651
158385.0,2798
145994600.0,5824
16135076.0,5828
130165.0,5830
10131000.0,5831
90488812.0,5837
6439330.0,5841
9837656.0,5842
9901946.0,5851
23653584.0,5856
135484128.0,5878
135409387.0,5908
9809516.0,5909
9836181.0,5925
145994602.0,5928
6440917.0,5943
44129621.0,5959
6323178.0,5965
90206.0,5966
9549180.0,5967
25011733.0,5979
445455.0,5980
19826721.0,5982
16758228.0,5995
25021183.0,5998
25210476.0,5999
13373715.0,6019
20541332.0,6022
46937065.0,6024
42627755.0,6027
44129642.0,6037
46937073.0,6038
324690.0,6040
25271580.0,6041
6914595.0,6044
3492020.0,6060
5288066.0,6064
5288067.0,6065
3383616.0,6069
24794392.0,6070
4474224.0,6071
181137.0,6078
1700.0,6079
4634038.0,6092
46937106.0,6095
46937108.0,6096
448167.0,6098
4634717.0,6100
11974440.0,6110
745994.0,6129
16122582.0,6131
46937131.0,6139
446980.0,6140
446981.0,6141
446977.0,6143
7020128.0,6162
446676.0,6173
5494443.0,6174
10308106.0,6177
6852124.0,6182
5289428.0,6185
705712.0,6187
5948.0,6188
3032732.0,6188
46937163.0,6190
46937170.0,6195
15083623.0,6197
24759.0,6221
6575389.0,6233
162955.0,6272
6452300.0,6287
23978.0,6288
24877.0,6290
621174.0,6297
20055414.0,6302
10993014.0,6309
104747.0,6340
8555.0,6342
16131300.0,6349
76968835.0,6359
23976.0,6382
20055232.0,6390
6441712.0,6418
94532.0,6438
6918483.0,6456
16133800.0,6465
71300933.0,6467
16755143.0,6479
6101690.0,6482
9952125.0,6513
6917866.0,6517
73442840.0,6537
176405.0,6551
10177.0,6572
5359405.0,6572
56842069.0,6577
56649347.0,1624
131704323.0,6590
196970.0,6592
24812808.0,6593
10252640.0,6601
135564966.0,6604
71587764.0,6604
25080293.0,2221
9811551.0,6614
10192617.0,2079
11948288.0,6623
5493470.0,6643
86278362.0,6647
9803433.0,6651
5311070.0,6660
54576073.0,6662
11607299.0,6668
44241539.0,3968
25016615.0,1886
23954.0,6674
437740.0,6680
137629134.0,6681
11611800.0,6682
6918834.0,1337
9852201.0,6687
11207.0,6688
10025615.0,6694
60807.0,6696
71387.0,6709
24393.0,6727
46886609.0,3851
24892842.0,6747
123133557.0,6748
3033952.0,6760
11578.0,6767
44400135.0,6784
122189768.0,6786
90489020.0,6791
29936.0,6792
165688.0,6795
77074.0,6797
76966897.0,2872
22609888.0,6800
145994608.0,6801
92135969.0,6810
5462222.0,6852
175.0,6854
90478690.0,6855
1117.0,6857
78320408.0,6861
44625560.0,6877
145994611.0,6880
11622197.0,4085
44193830.0,6893
145994612.0,6895
130476723.0,6897
121596701.0,6899
135565042.0,6900
90479372.0,6907
91844684.0,6909
71509318.0,3954
15479177.0,6923
68109743.0,6927
15942005.0,1679
76071881.0,6938
145994617.0,6951
11215055.0,6952
135565623.0,6955
16048422.0,6961
145994621.0,6969
169535.0,6980
86278348.0,6982
44308490.0,7349
67425.0,1044
443878.0,6
91809622.0,6
25137865.0,6
60196398.0,15
17184.0,15
5927.0,15
656678.0,15
71463801.0,15
57473071.0,15
12310716.0,15
131632429.0,15
3661.0,15
134688695.0,15
637577.0,15
5487426.0,21
123603.0,28
22083401.0,28
9837584.0,28
31098.0,30
5702073.0,30
11553369.0,30
73440751.0,30
124080907.0,30
51052074.0,30
74990.0,38
138398605.0,39
45588096.0,44
56927919.0,44
138394057.0,44
5129076.0,46
9815576.0,46
45157716.0,46
31348.0,46
87060535.0,46
165411857.0,47
91668159.0,51
168013315.0,51
11434065.0,60
72960092.0,60
10439877.0,60
33309.0,65
3085106.0,77
21864425.0,77
129317882.0,77
133611884.0,77
16211935.0,77
131750290.0,77
23681451.0,87
49800050.0,87
23694889.0,87
168432541.0,87
92131781.0,87
171034687.0,87
171036531.0,87
92043599.0,98
166596981.0,103
9941095.0,104
441236.0,106
6604495.0,106
66273.0,111
75373670.0,111
16052003.0,111
9551858.0,117
64713.0,127
92303.0,127
49800000.0,127
5702129.0,132
71612.0,134
24883432.0,134
6436057.0,168
21940933.0,168
5462338.0,168
25137869.0,168
6917875.0,175
23659.0,180
11957704.0,183
9958173.0,183
91885314.0,187
135848669.0,187
169501776.0,187
23717105.0,187
5281073.0,197
6433169.0,208
62943.0,208
12218596.0,208
9568637.0,214
13271066.0,214
16219293.0,214
23707296.0,214
6604728.0,214
25079425.0,220
25079036.0,220
164946845.0,220
53396033.0,221
126970648.0,225
4038.0,233
238053.0,246
8584.0,246
6917733.0,259
62955.0,259
25137873.0,259
69806974.0,259
441308.0,273
11957594.0,273
15991597.0,273
134693930.0,273
11626384.0,274
24866733.0,274
137705645.0,274
92131803.0,274
5464025.0,277
656697.0,278
441277.0,279
152944.0,303
3033817.0,308
60653.0,308
22058225.0,308
24839546.0,308
70687322.0,308
441346.0,308
6918003.0,310
68647.0,313
5384136.0,331
43725.0,331
13373005.0,331
21958071.0,331
119090957.0,331
5361309.0,331
163701.0,345
134695303.0,345
45052276.0,353
14888.0,359
23662349.0,360
135534565.0,360
136068408.0,360
135566116.0,360
67412.0,372
3033332.0,374
24883424.0,374
3033887.0,376
6451150.0,379
6435893.0,383
5280754.0,383
24883466.0,383
25246316.0,383
5497195.0,383
57317596.0,383
123134263.0,383
72679307.0,384
60196282.0,384
92044406.0,386
32281.0,397
16132265.0,398
117064495.0,413
49800068.0,415
118984375.0,434
16132438.0,444
16136701.0,445
9787.0,460
16051995.0,460
6537504.0,460
6918224.0,475
441261.0,475
45358180.0,475
25058200.0,475
219099.0,484
154068.0,485
16186213.0,487
9939627.0,489
165363410.0,489
53395955.0,499
71308561.0,499
122412733.0,499
9800065.0,500
45480603.0,500
73415809.0,500
70683024.0,516
77910626.0,516
9801310.0,525
165340032.0,525
6055.0,534
20055400.0,534
120608.0,540
63013.0,545
16051935.0,552
5464280.0,552
28332.0,553
45357585.0,553
5492624.0,559
3033050.0,565
31338.0,566
5464090.0,570
5462346.0,570
5464111.0,572
5797.0,585
135747268.0,585
16132412.0,590
44147413.0,591
24181458.0,602
40473194.0,602
546807.0,611
45356876.0,611
146364.0,611
6708733.0,611
146159199.0,611
134460917.0,611
23667621.0,613
40468194.0,613
5388957.0,613
58701785.0,633
40473195.0,633
656823.0,636
23678981.0,664
24906323.0,664
3033832.0,673
6420009.0,673
8248.0,685
23615599.0,685
16048622.0,685
6419921.0,689
17397714.0,714
73415789.0,717
91895500.0,717
165363543.0,717
54705095.0,716
54686898.0,716
131673820.0,716
54729367.0,716
16129690.0,720
155977547.0,720
12598310.0,735
5702096.0,735
60148395.0,735
71751212.0,735
121231040.0,735
124079495.0,735
163285258.0,735
6537152.0,739
13752005.0,739
53461729.0,739
90473211.0,739
168317479.0,739
9906942.0,749
6918678.0,749
46783232.0,749
170362.0,749
124080896.0,749
134694868.0,749
23670359.0,754
73351.0,755
44181920.0,755
10236235.0,755
11251522.0,758
24848419.0,758
9955951.0,758
9847241.0,758
23663976.0,759
23679527.0,759
66587062.0,759
9869776.0,760
45114162.0,760
54613184.0,760
15378998.0,762
656846.0,762
45790066.0,762
17589822.0,762
11227182.0,762
71311905.0,762
64781.0,783
9799483.0,786
5311083.0,786
15008962.0,788
46853837.0,790
118987284.0,790
9568613.0,786
16413917.0,786
131676359.0,786
5359227.0,796
6321303.0,796
46781058.0,796
5359613.0,797
6098421.0,797
5463977.0,801
20831824.0,801
5388992.0,809
21864436.0,809
45356935.0,809
11957714.0,809
9832825.0,809
71296920.0,809
165184831.0,809
90489752.0,809
11607738.0,810
60779.0,810
45055483.0,810
45358014.0,810
21584522.0,810
138112574.0,810
135391153.0,810
44558883.0,810
53262279.0,810
241902.0,811
9962911.0,811
21867765.0,811
131709225.0,811
73759759.0,811
11954344.0,816
23649704.0,816
8239.0,817
54405.0,827
6917831.0,827
72376318.0,827
6420047.0,836
6852405.0,836
46174134.0,840
22721400.0,840
441414.0,844
5702237.0,844
36457.0,844
164761.0,844
60196269.0,844
134694117.0,844
44383.0,849
5338317.0,850
45052535.0,850
3326923.0,850
64746.0,856
23684814.0,861
23693301.0,866
23675763.0,870
11953895.0,887
155804637.0,894
62816.0,897
25267092.0,907
11473982.0,907
107121.0,907
23724784.0,907
16230.0,919
3037122.0,934
6918078.0,938
14254240.0,938
77990.0,938
134694870.0,938
45359101.0,938
24824549.0,938
44602409.0,945
23690433.0,947
101320273.0,947
67047967.0,947
23666112.0,950
78759348.0,950
23665037.0,950
9832253.0,950
23615408.0,950
57004.0,954
135515536.0,972
135526515.0,972
135860280.0,972
136219119.0,972
135923039.0,972
9827062.0,979
31728.0,982
3040551.0,982
10349032.0,985
165340076.0,985
9832292.0,986
53477580.0,986
9912089.0,986
45358055.0,986
6437070.0,986
443956.0,986
60196271.0,986
6917983.0,986
49800025.0,986
134688726.0,986
44483332.0,986
136965670.0,994
136086851.0,994
135413537.0,994
24883467.0,1033
138753050.0,1033
5311076.0,1045
145705978.0,1045
129893558.0,1050
156592279.0,1050
16051918.0,16
9917490.0,16
64645.0,16
137267374.0,16
64764.0,1064
23690439.0,1092
19872452.0,1092
102090428.0,1092
23677058.0,1108
23665410.0,1109
3867239.0,1109
9795291.0,1109
16220034.0,1109
64758.0,1117
16051969.0,1117
71306834.0,1132
50088.0,1143
441326.0,1160
5768.0,1160
22817455.0,1160
11069.0,1160
5953.0,1160
127258216.0,1160
23424040.0,1160
162639137.0,1160
118705497.0,1160
24867529.0,1160
5748152.0,1160
657302.0,1162
13241308.0,1162
4787.0,1162
21935075.0,1162
72710718.0,1163
6314.0,1183
5815.0,1188
5702236.0,1190
119569.0,1194
9410.0,1197
6852399.0,1197
25058166.0,1197
44358405.0,1197
64647.0,1201
21888462.0,587
13520322.0,1219
145994868.0,1230
155886935.0,1230
52918379.0,1240
171042928.0,1244
71587824.0,1276
118984462.0,1278
24776050.0,1290
42611099.0,1292
16212738.0,1312
75412604.0,1322
71127425.0,1324
56837828.0,1334
11476171.0,1336
58423153.0,1359
11567474.0,1365
25143624.0,1367
136482770.0,1372
44137813.0,1382
59215954.0,1392
46186926.0,1434
9806229.0,1451
137219757.0,1465
16118986.0,1466
44462758.0,1479
60154901.0,1491
46917793.0,1493
9864202.0,1495
46701811.0,1499
92043140.0,1508
16757571.0,1508
24906268.0,1513
57511258.0,1513
57990869.0,1535
10016910.0,1538
11507964.0,1539
58119034.0,1551
66577008.0,1559
92131098.0,1559
91886213.0,1559
53247113.0,1559
135391000.0,1584
9831755.0,1585
129080919.0,1598
165413398.0,1598
44137358.0,1626
25104045.0,1627
9874874.0,1631
5352135.0,1645
63062.0,1645
382975.0,1648
11625114.0,1664
5459175.0,1807
4616292.0,1807
56603728.0,1807
146156753.0,1889
91097697.0,1889
11155874.0,1897
24955007.0,1912
15344754.0,1928
16066809.0,1939
23649599.0,1955
42647276.0,1956
130990.0,1986
72941953.0,2004
44182376.0,2026
9907331.0,2030
9859632.0,2036
24987875.0,2042
71502876.0,2046
120656155.0,2057
96568205.0,2057
25138363.0,2062
68245749.0,2074
117587641.0,2082
5491960.0,2085
12004146.0,2092
46926699.0,2094
118023868.0,2094
13584912.0,2097
70700216.0,2117
53315588.0,2117
49827815.0,2117
24896135.0,2117
133109022.0,2117
139058496.0,2117
11672491.0,2199
16220016.0,2214
71300755.0,2217
16134409.0,2220
135565962.0,2288
135537060.0,2298
86278323.0,2300
72941968.0,2302
134715513.0,2310
44145344.0,2310
171036873.0,2310
6918295.0,2358
21874242.0,2358
118218024.0,2358
127255598.0,2358
56605008.0,2364
21159388.0,2364
23581846.0,2377
46930996.0,2400
70700268.0,2400
71816154.0,2400
16727411.0,2400
56843157.0,2400
56973712.0,2400
122362431.0,2400
135515430.0,2407
121843.0,2407
135979919.0,2407
3036507.0,2415
25058411.0,2423
84036.0,2423
71300693.0,2423
129636048.0,2423
9576002.0,2423
137795301.0,2423
25014653.0,2437
129631663.0,2437
56935717.0,2440
71300725.0,2440
78080281.0,2441
139033611.0,2540
249187.0,2668
166642654.0,2668
15565709.0,2717
657255.0,2722
6604413.0,2722
86278355.0,2746
91810695.0,2750
91668186.0,2783
12047567.0,2798
393405.0,2798
23724967.0,2798
9919910.0,2798
5284515.0,2802
2091.0,2802
5283718.0,2802
145705666.0,2802
443990.0,2802
5283723.0,2802
46780105.0,2802
134688803.0,2802
45073394.0,2802
73707490.0,2802
163285106.0,2802
145705856.0,2802
135391135.0,2802
134694392.0,2802
8230.0,1238
44428105.0,1238
454937.0,2809
6104.0,2809
6102371.0,2809
6916934.0,2809
4640670.0,2809
3032577.0,2809
51371222.0,2809
154701625.0,2809
118705487.0,2809
16682999.0,2818
23671690.0,2825
23719516.0,2825
92943.0,2844
71586929.0,2849
3070.0,2857
5353584.0,2857
5281010.0,2857
21678311.0,2857
46173763.0,2857
146159466.0,2857
5702045.0,2857
134715456.0,2857
154701841.0,2857
172400020.0,2857
98298821.0,2857
145705876.0,2860
76943386.0,2860
71587735.0,2872
121494111.0,2976
91668184.0,2988
25008120.0,3036
57682490.0,3036
57682493.0,3036
171040140.0,3052
133083079.0,3075
86278347.0,3103
9957090.0,3114
135424924.0,3131
146036883.0,3131
136726837.0,3131
171975682.0,3131
72736244.0,3175
6918235.0,3197
139030242.0,3201
134687648.0,3206
129894493.0,3221
154656.0,3247
86278317.0,3321
16158103.0,3345
71301278.0,3484
121596128.0,3500
56841753.0,3539
131954443.0,3564
124037376.0,3571
129638170.0,3617
85364156.0,3627
132118203.0,3627
5282487.0,327
9843029.0,327
56829429.0,327
129831211.0,327
132162214.0,3675
11740218.0,3685
71471223.0,3698
155491122.0,2000
162341716.0,2000
90415637.0,3717
165360157.0,3719
56933206.0,3728
11527330.0,3800
11513721.0,3816
36283.0,3851
16208013.0,3857
11192346.0,3887
121492440.0,3899
137355972.0,3914
154572855.0,3921
122706930.0,3926
126961379.0,3937
121494121.0,3956
119058029.0,3976
118984463.0,4002
86278354.0,4021
135565609.0,4031
135146787.0,4053
24772165.0,4059
6918589.0,4126
16161315.0,4127
102601394.0,4127
44377662.0,4127
44291156.0,4127
16202212.0,4149
56841713.0,4172
68726.0,4188
71550735.0,4208
24892851.0,4209
53396048.0,4209
86278352.0,4212
44624336.0,4220
86647030.0,4222
11386885.0,4222
3081919.0,4228
170835678.0,4231
169490697.0,4231
46174139.0,4234
16220212.0,4234
146157855.0,4234
16129620.0,590
16132413.0,590
121235530.0,590
131954786.0,590
73952145.0,4263
162265.0,4315
5672.0,4656
