drugbank_id,id
DB00703,0
DB00423,1
DB01144,3
DB00819,4
DB04843,9
DB00517,14
DB00572,15
DB00809,16
DB01199,16
DB03128,24
DB00411,25
DB01085,26
DB00185,28
DB00462,31
DB01062,32
DB00986,35
DB01270,40
DB08885,41
DB00112,42
DB06655,43
DB01276,44
DB14509,45
DB01356,46
DB14507,46
DB06212,48
DB06285,52
DB01083,54
DB00549,55
DB11095,57
DB00006,58
DB00001,59
DB00278,61
DB00031,62
DB00086,63
DB00015,64
DB00013,65
DB06692,66
DB00009,67
DB00302,68
DB00513,69
DB01194,70
DB00273,72
DB00385,80
DB00519,83
DB09477,85
DB00178,86
DB01197,89
DB00722,91
DB09421,94
DB00770,95
DB02546,96
DB00016,98
DB00012,99
DB00811,100
DB00072,101
DB06366,102
DB05773,103
DB01259,104
DB00341,117
DB09555,120
DB00455,121
DB06766,130
DB09488,131
DB00557,134
DB00967,135
DB00985,146
DB00902,148
DB01075,149
DB00065,154
DB08904,155
DB00051,156
DB00005,157
DB06674,158
DB00820,159
DB06237,162
DB00850,166
DB00433,168
DB00248,170
DB01239,173
DB01238,176
DB04946,178
DB01267,182
DB01623,183
DB00508,184
DB01029,189
DB00177,190
DB00275,192
DB00796,193
DB00966,195
DB00043,198
DB00763,199
DB00550,200
DB00056,201
DB00190,202
DB06207,206
DB01269,209
DB00002,210
DB00317,212
DB01235,213
DB00044,215
DB00097,216
DB09126,217
DB00050,219
DB00106,222
DB01216,230
DB00744,231
DB00244,234
DB00795,236
DB00747,243
DB01254,248
DB06616,249
DB08896,250
DB05332,252
DB00335,254
DB00960,261
DB01214,262
DB01203,265
DB00195,270
DB00373,276
DB00887,280
DB00903,281
DB00214,282
DB00695,283
DB00808,285
DB00524,286
DB00606,287
DB00562,288
DB00880,289
DB01325,291
DB00232,292
DB00999,293
DB00436,294
DB00774,295
DB01021,296
DB00310,297
DB01324,298
DB01119,300
DB00315,302
DB00952,304
DB00669,306
DB00904,309
DB00889,311
DB06287,316
DB00877,317
DB01590,318
DB00337,319
DB00864,320
DB00552,322
DB00313,325
DB06700,326
DB00472,334
DB00543,340
DB00197,351
DB09532,352
DB01241,355
DB01039,356
DB00636,357
DB13873,358
DB01169,359
DB04854,361
DB00437,362
DB00946,363
DB00498,364
DB00266,365
DB00822,368
DB04835,369
DB00927,370
DB00585,373
DB00501,375
DB08882,380
DB00091,383
DB06822,384
DB01225,384
DB06779,384
DB00322,390
DB01101,392
DB00544,393
DB14751,394
DB01277,395
DB00026,396
DB00024,397
DB15263,397
DB01285,398
DB01284,400
DB09334,401
DB01097,402
DB08880,403
DB00765,404
DB00204,405
DB01118,407
DB00600,408
DB09516,409
DB09098,410
DB00052,411
DB00082,412
DB00169,413
DB00153,414
DB02300,415
DB00910,416
DB00136,417
DB00146,418
DB06410,419
DB00894,420
DB01217,421
DB01006,422
DB00990,423
DB00357,424
DB00243,427
DB00030,434
DB00046,444
DB01309,445
DB00047,447
DB00071,448
DB01306,456
DB01307,458
DB00408,461
DB00363,463
DB00477,465
DB01038,466
DB00450,467
DB00370,471
DB00334,472
DB01100,476
DB00734,477
DB00502,478
DB00679,481
DB00040,488
DB08819,490
DB00654,491
DB00287,492
DB01160,493
DB00905,494
DB00429,495
DB00269,497
DB04899,499
DB00928,501
DB01262,502
DB00700,503
DB06780,504
DB00421,506
DB01134,507
DB01395,508
DB00393,509
DB01023,510
DB00374,511
DB01088,512
DB06213,514
DB00099,515
DB00019,516
DB00975,517
DB01202,518
DB05311,519
DB00210,520
DB01125,521
DB05294,522
DB00745,523
DB06413,524
DB00182,526
DB01576,532
DB00422,539
DB06274,554
DB00813,563
DB01209,567
DB00921,571
DB00323,573
DB00494,574
DB00677,580
DB00094,587
DB00010,590
DB00648,592
DB00635,593
DB06786,594
DB00253,595
DB06781,596
DB00443,597
DB00741,598
DB14541,600
DB01013,601
DB00324,603
DB14596,606
DB14632,607
DB00860,608
DB00180,609
DB14657,610
DB01260,615
DB01130,616
DB00394,617
DB00223,618
DB00663,619
DB00959,623
DB00620,624
DB01047,625
DB08906,626
DB00547,627
DB14544,630
DB00288,631
DB14539,634
DB14512,635
DB14649,636
DB14540,637
DB09378,638
DB09383,641
DB01410,642
DB00591,643
DB15566,644
DB01222,645
DB01234,646
DB01380,648
DB00896,649
DB14543,651
DB00846,652
DB00588,653
DB00834,654
DB01037,657
DB00092,658
DB00284,659
DB01586,660
DB06777,661
DB00107,662
DB06813,663
DB00419,666
DB09369,667
DB00655,669
DB00783,670
DB13952,671
DB13956,672
DB00977,674
DB00890,675
DB13954,676
DB01357,678
DB00255,679
DB00297,681
DB00491,683
DB00191,688
DB06809,698
DB00055,699
DB00262,701
DB08888,705
DB08907,706
DB00364,707
DB14123,708
DB01108,710
DB00929,711
DB08865,712
DB08893,713
DB04941,714
DB08820,715
DB00254,716
DB00039,718
DB00356,719
DB06774,721
DB08881,723
DB08900,724
DB01046,725
DB09371,726
DB00294,727
DB00351,728
DB00603,730
DB00717,731
DB06789,732
DB00378,733
DB00396,734
DB09389,735
DB00957,736
DB00367,735
DB00304,737
DB06713,739
DB00823,740
DB01406,741
DB08828,742
DB01138,743
DB01032,744
DB08883,745
DB00559,746
DB06403,747
DB00184,748
DB08890,750
DB00399,753
DB00227,756
DB00641,763
DB01025,764
DB00651,765
DB01656,766
DB00277,767
DB01148,769
DB01223,770
DB06176,771
DB09317,774
DB09318,775
DB04938,776
DB04575,778
DB00947,779
DB00054,781
DB00063,782
DB00338,784
DB05351,785
DB00448,789
DB00311,791
DB00704,795
DB00844,799
DB01183,800
DB08870,802
DB01229,803
DB01248,804
DB06772,806
DB01394,807
DB04845,808
DB00108,812
DB00102,813
DB01136,815
DB00949,823
DB00980,826
DB00575,833
DB00968,835
DB06707,837
DB00316,851
DB00788,852
DB00861,857
DB01050,850
DB01294,858
DB06802,859
DB03585,860
DB00945,862
DB00328,865
DB00712,867
DB00605,869
DB00784,872
DB00991,874
DB00812,875
DB00554,876
DB00870,877
DB01009,878
DB00773,879
DB00444,880
DB00806,881
DB00201,883
DB00640,884
DB00727,885
DB00435,886
DB01020,888
DB00883,889
DB00688,890
DB01024,891
DB00352,893
DB00350,895
DB06762,896
DB01247,906
DB00222,908
DB01016,909
DB00672,910
DB01067,912
DB00414,913
DB00839,914
DB00912,915
DB00731,916
DB01124,917
DB00384,918
DB00004,920
DB01005,921
DB00631,922
DB05260,925
DB06626,926
DB04920,927
DB00270,928
DB01115,933
DB00401,937
DB00989,939
DB06168,941
DB06372,942
DB08908,946
DB00509,947
DB00279,949
DB09072,951
DB00181,952
DB00348,953
DB06412,955
DB00499,956
DB00665,957
DB00858,958
DB01128,959
DB06710,960
DB01493,961
DB06718,962
DB01420,963
DB13944,964
DB08804,965
DB00621,966
DB13943,967
DB00624,968
DB01185,969
DB08899,970
DB00984,971
DB00604,973
DB01001,975
DB00087,992
DB00673,993
DB06605,995
DB06228,996
DB00973,997
DB01166,999
DB01080,1001
DB00038,1002
DB09065,1003
DB06681,1005
DB01281,1006
DB08879,1007
DB00042,1011
DB06643,1012
DB01257,1013
DB06186,1014
DB00048,1015
DB08889,1016
DB00188,1017
DB00724,1018
DB00533,1020
DB00821,1021
DB00814,1022
DB00461,1023
DB00580,1024
DB00482,1025
DB00749,1026
DB00486,1027
DB00470,1028
DB01180,1029
DB00206,1030
DB01089,1031
DB04844,1032
DB08816,1035
DB00073,1038
DB06650,1039
DB00081,1040
DB00483,1044
DB00732,1048
DB00416,1049
DB01226,1050
DB01213,1054
DB01028,1055
DB01189,1056
DB00228,1057
DB01236,1058
DB01159,1059
DB00753,1060
DB00579,1063
DB00917,1066
DB00799,1067
DB00755,1068
DB00307,1069
DB00523,1070
DB00459,1071
DB00926,1072
DB01078,1073
DB01396,1074
DB00390,1075
DB00511,1076
DB01205,1077
DB00475,1079
DB00829,1081
DB00402,1082
DB00842,1083
DB00371,1084
DB00349,1085
DB00404,1086
DB00897,1087
DB00241,1088
DB01068,1089
DB01215,1090
DB00306,1091
DB00237,1092
DB01437,1093
DB00186,1094
DB00189,1095
DB00463,1096
DB01107,1098
DB01588,1100
DB00794,1101
DB00818,1102
DB01589,1103
DB00312,1104
DB00231,1107
DB00292,1110
DB00690,1111
DB00801,1112
DB00962,1115
DB01126,1116
DB14642,1118
DB01599,1119
DB01030,1120
DB06775,1121
DB00993,1122
DB01033,1123
DB00041,1125
DB14865,1125
DB00111,1126
DB00074,1127
DB00075,1128
DB00020,1129
DB00018,1130
DB00034,1131
DB00105,1132
DB00060,1133
DB00008,1134
DB00022,1135
DB00068,1136
DB00069,1137
DB00033,1138
DB05679,1139
DB06273,1140
DB08868,1141
DB00987,1142
DB00230,1144
DB00996,1145
DB08872,1146
DB01121,1149
DB00740,1153
DB00754,1157
DB00750,1161
DB00532,1165
DB00564,1166
DB09085,1168
DB06218,1169
DB06201,1176
DB00776,1177
DB00252,1162
DB00555,1181
DB00281,1182
DB00909,1185
DB00668,1189
DB00368,1191
DB01403,1196
DB05271,1198
DB00095,1200
DB00832,1202
DB00617,1203
DB05246,1204
DB00593,1205
DB00347,1206
DB06637,1207
DB00032,587
DB08931,1212
DB08932,1213
DB08935,1214
DB09053,1215
DB09119,1216
DB00586,1221
DB00563,1222
DB05676,1223
DB06262,1224
DB09071,1225
DB13946,1226
DB09046,1227
DB05578,1228
DB09036,1229
DB09043,1230
DB05015,1231
DB09034,1233
DB09038,1235
DB09063,1236
DB00067,1238
DB09054,1239
DB09037,1241
DB09045,1244
DB09122,1245
DB09033,1246
DB09048,1247
DB09272,1250
DB09073,1251
DB05829,1253
DB09074,1254
DB09052,1255
DB09035,1256
DB09029,1257
DB09280,1260
DB09292,1261
DB09128,1262
DB00637,1264
DB00982,1266
DB01303,1268
DB09302,1273
DB09303,1275
DB09564,1278
DB14185,1279
DB09331,1283
DB06317,1286
DB11362,1288
DB11560,1289
DB05608,1290
DB11836,1295
DB13111,1305
DB12461,1306
DB05234,1308
DB15416,1314
DB12719,1315
DB14976,1317
DB11814,1318
DB12914,1326
DB15499,1329
DB12597,1331
DB11694,1332
DB12535,1334
DB12318,1335
DB08079,1338
DB16879,1339
DB17197,1341
DB14889,1343
DB14982,1344
DB16294,1348
DB12729,1352
DB18840,1353
DB14980,1362
DB12242,1368
DB12774,1369
DB15029,1370
DB06061,1371
DB12966,1378
DB03044,1379
DB05969,1380
DB15068,1388
DB13060,1389
DB12302,1394
DB15294,1396
DB12174,1397
DB11891,1398
DB17191,1400
DB15281,1404
DB14916,1406
DB11962,1407
DB12703,1409
DB11795,1411
DB12745,1414
DB13164,1415
DB16299,1416
DB13113,1423
DB14943,1429
DB14723,1431
DB12381,1435
DB14935,1448
DB15266,1449
DB13061,1450
DB15431,1452
DB15110,1454
DB15227,1457
DB11652,1458
DB05913,1459
DB13051,1461
DB12812,1462
DB11775,1468
DB12848,1470
DB14973,1471
DB12686,1472
DB08094,1485
DB15254,1488
DB13072,1491
DB15186,1492
DB08424,1495
DB12933,1496
DB11899,1505
DB07943,1507
DB06314,1510
DB06134,1511
DB03428,1513
DB12682,1515
DB13093,1517
DB12756,1520
DB16656,1525
DB15273,1528
DB11794,1530
DB14860,1534
DB12004,1543
DB12900,1545
DB12857,1548
DB14766,1553
DB15046,1557
DB18811,1561
DB15027,1566
DB12715,1570
DB05936,1574
DB12122,1579
DB15442,1588
DB12210,1593
DB18707,1600
DB14993,1612
DB12875,1622
DB06374,1632
DB07724,1637
DB16332,1638
DB11806,1639
DB12499,1641
DB12415,1642
DB12253,1643
DB14969,1644
DB04468,1645
DB06832,1646
DB07933,1647
DB11674,1648
DB15024,1652
DB15367,1653
DB16165,1655
DB16221,1656
DB05253,1657
DB12637,1658
DB12988,1661
DB07215,1663
DB09199,1665
DB19311,1666
DB12662,1667
DB12390,1668
DB05490,1672
DB12557,1673
DB11811,1675
DB05653,1676
DB05467,1677
DB12320,1677
DB04796,1680
DB04891,1682
DB12369,1685
DB12558,1686
DB11885,1689
DB15639,1690
DB12267,1691
DB05944,1693
DB14904,1696
DB08142,1698
DB05169,1699
DB12802,1700
DB01179,1700
DB12588,1701
DB11740,1702
DB12048,1704
DB11689,1705
DB12183,1706
DB15393,1709
DB11651,1711
DB16107,1713
DB11666,1715
DB11665,1717
DB15399,1718
DB12064,1719
DB12591,1721
DB13930,1722
DB12015,1723
DB12570,1725
DB12432,1726
DB11798,1727
DB12429,1728
DB12094,1729
DB11907,1730
DB11832,1731
DB15408,1733
DB06195,1734
DB13005,1735
DB11845,1737
DB11977,1739
DB05524,1740
DB16891,1290
DB14845,1743
DB12121,1745
DB12307,1746
DB11648,1747
DB11969,1748
DB12140,1750
DB12114,1751
DB11679,1752
DB11851,1753
DB00179,1754
DB11952,1755
DB12744,1756
DB06137,1760
DB11913,1761
DB11911,1762
DB11662,1764
DB13040,1765
DB12001,1766
DB16828,1768
DB05465,1770
DB12742,1771
DB12129,1772
DB12784,1773
DB12387,1774
DB12962,1775
DB15157,1776
DB07101,1778
DB11974,1780
DB11896,1781
DB07941,1783
DB11778,1784
DB16232,1785
DB12978,1786
DB12601,1787
DB06252,1788
DB19169,1789
DB07159,1792
DB05984,1793
DB11663,1794
DB12180,1795
DB11743,1796
DB12108,1797
DB11772,1799
DB12400,1800
DB05412,1802
DB11741,1803
DB05552,1805
DB05075,1806
DB14636,1808
DB12282,1809
DB12566,1810
DB05470,1811
DB07138,1812
DB12854,1813
DB11973,1814
DB12904,1817
DB11886,1818
DB15133,1819
DB11791,1821
DB12167,1823
DB05514,1824
DB13094,1826
DB12512,1827
DB12295,1832
DB12858,1833
DB11934,1834
DB11978,1835
DB06190,1836
DB12702,1837
DB06350,1839
DB05542,1840
DB12299,1841
DB12229,1842
DB12641,1843
DB12427,1846
DB16325,1848
DB14895,1850
DB11758,1852
DB12550,1853
DB12457,1855
DB12135,1856
DB15328,1859
DB18518,1860
DB12526,1861
DB11732,1862
DB12100,1863
DB11922,1864
DB13004,1865
DB15120,1866
DB12013,1867
DB11923,1868
DB12462,1869
DB11833,1870
DB04954,1871
DB12543,1873
DB11818,1874
DB06625,1875
DB12973,1876
DB11910,1877
DB12567,1878
DB12910,1879
DB16844,1883
DB15011,1884
DB16066,1885
DB15065,1892
DB12580,1901
DB16125,1904
DB05255,1906
DB14822,1907
DB11903,1909
DB11946,1911
DB13122,1918
DB12885,1919
DB12424,1921
DB04869,1922
DB12011,1923
DB11658,1924
DB11900,1925
DB11951,1926
DB12548,1929
DB12522,1930
DB12016,1932
DB11853,1934
DB12355,1938
DB05048,1941
DB12443,1944
DB12691,1947
DB16943,1950
DB12644,1951
DB12555,1953
DB12733,1954
DB12889,1957
DB18810,1959
DB19033,1961
DB18793,1962
DB12643,1963
DB16118,1965
DB13070,1966
DB12046,1967
DB16315,1969
DB12361,1972
DB17083,1973
DB15784,1975
DB06494,1976
DB06538,1977
DB12292,1982
DB05038,1983
DB06460,1988
DB06248,1989
DB12850,1990
DB12436,1991
DB13929,1993
DB11700,2000
DB12495,2002
DB11720,2003
DB06549,2005
DB05625,2009
DB11920,2012
DB12154,2013
DB12141,2016
DB11883,2018
DB13994,2024
DB16205,2027
DB12145,2029
DB12063,2031
DB05956,2032
DB12594,2037
DB15097,2038
DB12113,2039
DB06090,2040
DB18795,2041
DB14856,2043
DB11706,2044
DB11867,2049
DB05458,2053
DB12527,2055
DB12260,2060
DB11712,2063
DB12743,2066
DB11629,2067
DB12272,2068
DB12960,2069
DB11692,2070
DB16845,2072
DB16250,2073
DB12411,2075
DB05824,2078
DB12714,2084
DB15012,2086
DB12032,2089
DB06579,2091
DB15641,2101
DB16080,2102
DB12941,2103
DB11901,2105
DB05990,2107
DB12041,2108
DB06680,2109
DB12511,2111
DB08915,2112
DB06510,2113
DB06536,2114
DB12781,2115
DB09200,2116
DB05983,2117
DB05035,2118
DB04258,2119
DB11526,2121
DB06080,2122
DB12874,2123
DB12200,2124
DB11805,2125
DB04849,2127
DB09330,2128
DB12062,2129
DB11958,2130
DB11865,2131
DB11763,2135
DB12270,2136
DB11904,2137
DB11828,2138
DB03496,2139
DB11817,2140
DB11800,2141
DB11730,2142
DB11718,2143
DB06486,2144
DB11829,2145
DB11967,2146
DB12021,2147
DB05220,2148
DB06075,2149
DB06595,2151
DB04879,2152
DB12010,2153
DB05239,2154
DB12500,2155
DB11697,2156
DB06436,2158
DB12072,2159
DB05928,2160
DB06280,2162
DB11979,2163
DB06629,2164
DB06634,2166
DB12614,2167
DB04853,2169
DB05009,2170
DB05562,2171
DB11745,2173
DB12203,2174
DB11691,2175
DB15250,2181
DB06624,2182
DB12371,2183
DB11660,2184
DB12228,2185
DB11864,2186
DB13074,2187
DB18464,2189
DB12569,2191
DB11642,2192
DB12572,2193
DB05360,2194
DB12830,2198
DB12042,2200
DB16351,2201
DB06558,2202
DB12080,2206
DB06677,2208
DB06455,2209
DB06666,2211
DB04883,2212
DB11653,2213
DB12865,2215
DB14027,2216
DB04894,2219
DB12755,2220
DB11947,2222
DB11726,2223
DB06649,2224
DB11807,2225
DB12562,2227
DB05575,2229
DB06077,2230
DB12202,2252
DB12105,2279
DB12590,2280
DB06554,2281
DB05541,2282
DB11569,2283
DB11581,2285
DB01057,2289
DB12680,2292
DB05036,2296
DB08894,2299
DB04960,2312
DB04885,2313
DB06240,2314
DB11823,2315
DB06630,2317
DB12364,2320
DB12181,2321
DB06670,2325
DB13083,2326
DB14726,2327
DB08382,2329
DB06682,2330
DB12061,2331
DB11909,2332
DB11644,2333
DB06233,2334
DB08867,2335
DB11781,2336
DB06267,2337
DB02292,2339
DB06346,2342
DB13170,2344
DB11655,2346
DB12047,2347
DB06480,2348
DB11995,2349
DB06448,2351
DB12732,2353
DB05119,2354
DB12291,2356
DB11641,2358
DB12635,2360
DB11841,2362
DB14575,2363
DB11830,2366
DB12935,2367
DB05737,2370
DB11861,2371
DB11816,2374
DB05992,2375
DB07232,2376
DB11984,2381
DB08891,2382
DB12720,2384
DB12332,2385
DB11793,2388
DB11827,2390
DB11992,2391
DB11757,2392
DB01628,2393
DB04888,2394
DB08892,2396
DB06362,2397
DB05289,2401
DB05408,2402
DB12395,2403
DB00234,2403
DB12463,2404
DB12378,2405
DB11999,2406
DB12177,2407
DB11893,2409
DB06654,2410
DB08486,2412
DB12263,2413
DB06311,2414
DB05134,2416
DB04876,2417
DB12340,2419
DB06197,2420
DB06013,2423
DB12608,2424
DB12491,2427
DB11759,2429
DB12866,2430
DB12778,2431
DB11915,2432
DB11611,2434
DB12713,2435
DB12486,2436
DB05168,2437
DB11782,2438
DB12209,2439
DB12399,2443
DB04847,2444
DB11760,2446
DB06263,2447
DBSALT002614,2448
DB12305,2449
DB12008,2451
DB11682,2452
DB14881,2454
DB11942,2455
DB11717,2456
DB05219,2457
DB09061,2458
DB12236,2459
DB01041,2460
DB00480,2461
DB08910,2462
DB00922,2466
DB05087,2467
DB12758,2469
DB09242,2470
DB00786,2471
DB04878,2472
DB12273,2473
DB09213,2474
DB01349,2475
DB06393,2476
DB04903,2478
DB12204,2479
DB00293,2480
DB03516,2481
DB08439,2483
DB13919,193
DB06739,2485
DB06249,2486
DB05996,2537
DB06043,2544
DB06050,2613
DB09265,2651
DB12095,2340
DB11921,2656
DB00497,2663
DB13167,2664
DB04836,2666
DB01419,2667
DB13501,2669
DB04812,2671
DB11148,2673
DB13472,2679
DB01288,2688
DB01544,2689
DB08951,2693
DB01283,2695
DB09205,2703
DB04820,2704
DB04825,2710
DB13431,2711
DB00409,2716
DB06155,2718
DB06144,2719
DB06268,2720
DB00342,2723
DB02383,2727
DB04898,2730
DB15076,2749
DB04958,2755
DB13783,2799
DB06594,2800
DB13648,2801
DB01436,2802
DB06288,2804
DB00276,2805
DB00029,2806
DB01435,2807
DB12783,2811
DB12319,2812
DB09084,2813
DB06698,2815
DB01393,2816
DB11591,2817
DB01558,2819
DB06719,2821
DB05812,2823
DB02329,2826
DB01282,2827
DB00389,2828
DB04846,2830
DB01340,2832
DB09064,2833
DB13511,2834
DB01407,2835
DB06470,2836
DB13003,2839
DB04839,2840
DB04884,2841
DB04840,2842
DB09214,2843
DB08801,2846
DB01418,2847
DB09059,2848
DB01616,2850
DB06736,2853
DB00568,2854
DB01559,2855
DB13269,2856
DB01070,2857
DB00805,2859
DB11703,2861
DB05018,2873
DB00089,2893
DB00113,2991
DB00694,3024
DB12218,3025
DB06302,3026
DB11925,3027
DB06292,3028
DB09083,3029
DB00863,374
DB00683,3030
DB06756,3031
DB11640,3032
DB01597,3033
DB14568,3039
DB13125,3040
DB11855,3042
DB11859,3046
DB12130,3048
DB12147,3050
DB14583,3058
DB12483,3063
DB11963,2150
DB15189,3066
DB16239,3067
DB14924,3068
DB15435,3069
DB15151,3071
DB06119,3073
DB14975,3074
DB12808,3076
DB12281,3077
DB11986,3081
DB15444,3082
DB15035,3083
DB06688,3087
DB12139,3091
DB11936,3092
DB15233,3093
DB06751,3100
DB12561,3101
DB18634,3102
DB01065,3104
DB05611,3106
DB04942,3107
DB12412,3109
DB13036,3110
DB01171,3112
DB01184,3113
DB04818,3117
DB00670,3118
DB04573,3119
DB11950,3124
DB12417,3126
DB15212,2110
DB16159,3127
DB01408,3128
DB11783,3129
DB11614,3132
DB09223,3134
DB06548,3135
DB09245,3136
DB15293,3139
DB09212,3140
DB05266,3141
DB11738,3142
DB12092,3143
DB01411,3144
DB12523,3145
DB08911,3148
DB01685,3149
DB06202,3150
DB15102,3154
DB12625,3156
DB12303,3157
DB05262,3159
DB14840,3160
DB06281,3162
DB14890,3163
DB12687,3164
DB16267,3165
DB12017,3167
DB15694,3169
DB15685,3171
DB16133,3174
DB00391,3179
DB14783,3180
DB11774,3185
DB14713,3186
DB04931,3187
DB09262,3189
DB12255,3190
DB06735,3198
DB09230,3199
DB09227,3200
DB16226,3202
DB16261,3203
DB13914,3204
DB11729,3205
DB15822,3207
DB14985,3208
DB14896,3220
DB01054,3225
DB09238,3227
DB06712,3228
DB09232,3229
DB12212,3231
DB11632,3233
DB15071,3236
DB04852,3239
DB04924,3241
DB09028,3242
DB12694,3262
DB12036,3266
DB11873,3269
DB16343,3270
DB16255,3271
DB15168,3272
DB12101,3274
DB09570,3280
DB16063,3281
DB16987,3282
DB16126,3284
DB16300,3285
DB12764,3286
DB06580,3288
DB12341,3289
DB05104,3290
DB11813,3292
DB11938,3293
DB15295,1497
DB12451,3294
DB06477,3296
DB12476,3297
DB14875,3298
DB12096,3314
DB14941,3318
DB14810,3326
DB17129,3328
DB12280,3330
DB16200,3332
DB05448,3334
DB15669,3343
DB13000,3347
DB12689,3348
DB06527,3349
DB05095,3350
DB16690,3351
DB12895,3353
DB11953,3355
DB05943,3356
DB12059,3357
DB15055,3358
DB12929,3362
DB16296,3363
DB15291,3367
DB14849,3369
DB12666,3387
DB15456,3389
DB01425,3391
DB14790,3397
DB16242,3398
DB12137,3400
DB13029,3403
DB11681,3405
DB03849,3406
DB05298,3407
DB16047,3408
DB06673,3409
DB15031,3411
DB15299,3414
DB05016,3415
DB15080,3416
DB15170,3417
DB13478,3420
DB14785,3422
DB05416,3424
DB05187,3425
DB17506,3429
DB14801,3433
DB13053,3434
DB15406,3437
DB12730,3440
DB01873,3442
DB05297,3445
DB14813,3446
DB17385,3450
DB16138,3451
DB06159,3452
DB16076,3456
DB05010,3460
DB12459,3470
DB16640,3473
DB06642,3474
DB11737,3476
DB12359,3478
DB17999,3479
DB14948,3480
DB14942,3481
DB12230,3482
DB15205,3483
DB06586,3485
DB13025,3490
DB12579,3493
DB05482,3497
DB04889,3498
DB15327,3501
DB12185,3502
DB12285,3505
DB11684,3506
DB16193,3510
DB13312,3511
DB06604,3512
DB11698,3513
DB06191,3515
DB15275,3516
DB09279,3517
DB12237,3518
DB12524,3520
DB15670,3521
DB05964,3523
DB06156,3524
DB15059,3526
DB12627,3527
DB15358,3528
DB00058,3530
DB16079,3532
DB12442,3534
DB11902,3535
DB04856,3536
DB12836,3540
DB11871,3545
DB11993,3546
DB06154,3548
DB06040,3549
DB06345,3569
DB16217,3570
DB13012,3573
DB16321,3574
DB18954,3575
DB12239,3577
DB16036,3581
DB06188,3583
DB12345,3585
DB13781,3588
DB11815,3589
DB11699,3592
DB12565,3594
DB11906,3595
DB11704,3596
DB06306,3597
DB14870,3599
DB12120,3600
DB01366,3603
DB01297,3604
DB14770,3605
DB06635,3610
DB14769,3612
DB15149,3613
DB14899,3615
DB03010,3616
DB06556,3617
DB15219,3618
DB11940,3619
DB12248,3620
DB14829,3621
DB06660,3624
DB12433,3625
DB15297,3629
DB04873,3631
DB16266,3632
DB16353,3633
DB16098,3635
DB14806,3640
DB15123,3643
DB06070,3649
DB16048,1895
DB06083,3650
DB02712,3651
DB11671,3658
DB06157,3660
DB09120,3662
DB18761,3663
DB01198,3664
DB15446,3670
DB11693,3673
DB16657,3674
DB15569,3676
DB19210,3677
DB12806,3683
DB12805,3687
DB15401,3688
DB05501,3689
DB18806,3695
DB17549,3697
DB17568,3704
DB12235,3710
DB06283,3712
DB09257,3713
DB15463,3715
DB12903,3716
DB18865,3722
DB19041,3723
DB00503,3734
DB16040,3737
DB19218,3740
DB16254,3741
DB04982,3743
DB14774,3745
DB13087,3746
DB18786,3747
DB08329,3748
DB15010,3749
DB12725,3753
DB12289,3754
DB12022,3768
DB05796,3769
DB11971,3772
DB12325,3774
DB12681,3782
DB15357,3787
DB05607,3788
DB15310,3792
DB18479,3793
DB06730,3794
DB12617,3799
DB13165,3801
DB08162,3802
DB16703,3803
DB12440,3811
DB09018,3812
DB13327,3813
DB12163,3814
DB15009,3818
DB14894,3820
DB16130,3826
DB19023,3830
DB15568,3832
DB06506,3837
DB11217,3838
DB11765,3840
DB16346,3843
DB15385,3844
DB05660,3858
DB16650,3861
DB01273,3866
DB04977,3868
DB17097,3872
DB15021,3880
DB16045,3882
DB19125,3883
DB12206,3888
DB17472,3890
DB11675,3894
DB16330,3897
DB12009,3898
DB12998,3906
DB09256,3909
DB15418,3910
DB03695,3912
DB06515,3913
DB12731,3916
DB06725,3918
DB04953,3923
DB04862,3925
DB14828,3930
DB00380,3933
DB09167,3934
DB11964,3935
DB04880,3943
DB12125,3951
DB01452,3952
DB12384,3955
DB01619,3958
DB08490,3966
DB12275,3967
DB04851,3969
DB12353,3970
DB06530,3975
DB01954,3977
DB04944,3979
DB01120,3981
DB05667,3983
DB12827,3993
DB15256,3994
DB18817,3996
DB18794,3999
DB12757,4011
DB13020,4012
DB12513,4013
DB16331,4015
DB12005,4017
DB19170,4018
DB18968,4019
DB12919,4020
DB12888,4025
DB16216,4030
DB12823,4033
DB12971,4039
DB16233,4040
DB06140,4041
DB01252,4049
DB15490,4051
DB05708,4058
DB12515,4060
DB14966,4071
DB19209,4079
DB12798,4081
DB19191,4086
DB06721,4087
DB01071,4088
DB04842,4090
DB03523,4093
DB08387,4098
DB18715,4100
DB16869,4101
DB13006,4106
DB12877,4112
DB09142,4114
DB12184,4115
DB12863,4117
DB16274,4119
DB14070,4120
DB11636,4122
DB13981,4123
DB11838,4125
DB09099,4127
DB06133,4128
DB04882,4133
DB05885,4139
DB11863,4140
DB15447,4143
DB16236,4144
DB09236,4148
DB15232,4150
DB12199,4156
DB01109,4158
DB16056,4162
DB18007,4164
DB11869,4167
DB09310,4169
DB16875,4170
DB16157,4174
DB06694,4179
DB15688,4180
DB12057,4181
DB14921,4189
DB02638,4196
DB00066,4204
DB00642,4205
DB13999,4219
DB16826,4223
DB01268,4232
DB01227,4250
DB06589,4251
DB01161,4252
DB06199,4253
DB00264,4254
DB06701,4255
DB00454,4256
DB00940,4257
DB12128,4258
DB00289,4259
DB00726,4260
DB00692,4261
DB00505,4262
DB00611,570
DB05424,4267
DB06196,4268
DB01177,4269
DB00628,4270
DB06717,994
DB05039,4271
DB15305,4272
DB00439,4273
DB01440,4274
DB00187,4275
DB04861,4277
DB00775,4278
DB00457,4279
DB00574,4280
DB00383,4282
DB01244,4285
DB01173,4286
DB00381,4287
DB00474,4288
DB00831,4289
DB11837,4290
DB00678,4291
DB01149,4294
DB01193,4295
DB00514,4296
DB04786,4298
DB01095,4299
DB00425,4300
DB01019,4301
DB00666,220
DB00213,4302
DB00771,4303
DB00757,4304
DB00652,4305
DB04821,4306
DB01591,4307
DB15646,4308
DB01278,4309
DB06702,4310
DB00937,4311
DB01063,4312
DB08822,187
DB00645,4313
DB01114,105
DB06695,4314
DB00397,4315
DB00360,4316
DB04896,4317
DB09049,4318
DB00944,4320
DB14782,4322
DB01255,4323
DB00714,1197
DB01221,4325
DB00751,4326
DB00800,4327
DB08871,4328
DB00489,4331
DB01036,6
DB06678,4332
DB00884,4333
DB00346,4334
DB01291,4335
DB16832,4336
DB04890,4337
DB01367,4338
DB01156,4339
DB00295,552
DB09185,4340
DB00758,1033
DB01018,4342
DB01438,4343
DB09026,489
DB01258,489
DB06684,4344
DB00659,4345
DB00420,4346
DB01501,4347
DB00972,4348
DB04855,4349
DB01146,4350
DB19325,4351
DB05395,4352
DB01427,4353
DB00782,4354
DB00913,4355
DB11363,4356
DB00540,4357
DB00691,4358
DB14542,4359
DB00458,4361
DB06788,225
DB00296,4363
DB12191,4364
DB06454,4365
DB00872,4366
DB00696,460
DB00843,4367
DB06335,4368
DB00630,4369
DB12071,4370
DB00280,4371
DB00710,4372
DB00496,4373
DB05738,4376
DB00736,4377
DB06663,4379
DB00268,4380
DB00570,4381
DB01069,4382
DB00331,4384
DB01064,4385
DB08860,758
DB06518,1483
DB00748,4387
DB00706,4388
DB00398,4389
DB14825,4390
DB17074,4391
DB01175,4392
DB00797,4393
DB00777,4394
DB00623,4395
DB00434,4396
DB12540,4397
DB06709,4398
DB00918,4399
DB00942,4400
DB00901,4401
DB00708,4402
DB00376,4403
DB01195,4404
DB00561,4405
DB00476,4406
DB00320,4407
DB06217,4408
DB12752,4409
DB06787,4410
DB15323,4412
DB00920,4413
DB00340,4414
DB09290,4415
DB00852,684
DB00715,4417
DB00876,4418
DB00216,4419
DB01240,4420
DB00217,685
DB01135,1045
DB00246,4421
DB01035,4422
DB04948,4425
DB00934,4427
DB13874,4428
DB00619,4429
DB08918,4430
DB06316,1791
DB00318,793
DB01242,4432
DB00332,30
DB09078,4433
DB00366,4434
DB00219,4437
DB00998,4438
DB00403,4439
DB00527,4440
DB08916,4441
DB06216,175
DB00953,4442
DB09237,4443
DB00285,4444
DB01261,4445
DB07214,4445
DB14669,4446
DB00500,4448
DB08875,4450
DB06791,51
DB01210,4451
DB01056,4452
DB00471,4453
DB13931,4454
DB15005,4455
DB06204,4456
DB05460,4459
DB00810,4460
DB06800,561
DB00209,4461
DB00590,4462
DB06691,4463
DB00571,4464
DB01182,4465
DB04868,4466
DB00282,755
DB06230,4469
DB06354,2065
DB04926,4470
DB09079,4471
DB04983,4473
DB09343,4474
DB06753,4475
DB01337,4476
DB14989,4477
DB00203,4478
DB01620,4479
DB01081,4481
DB00647,4482
DB01154,4483
DB00981,4484
DB15465,4486
DB00382,4487
DB14582,4489
DB14644,4491
DB01074,4492
DB00007,4493
DB12612,4494
DB06603,4495
DB06461,4496
DB00661,4498
DB00272,4499
DB01090,4500
DB09076,4501
DB01233,4502
DB01348,4503
DB01231,4504
DB09009,4506
DB00924,4507
DB01577,4508
DB00235,4509
DB00261,4510
DB00939,4511
DB01364,4513
DB00622,4514
DB01625,4515
DB00413,4517
DB00881,4519
DB00629,4522
DB01084,4523
DB00830,4524
DB09075,4525
DB12404,4526
DB00542,4528
DB13139,4531
DB01116,4534
DB16849,4535
DB00484,4536
DB13720,4538
DB00871,4539
DB00325,4541
DB01200,4542
DB01359,4543
DB15455,4544
DB00353,4545
DB00804,4546
DB11894,4547
DB00598,4548
DB06243,4549
DB01043,4550
DB00908,1160
DB01204,4551
DB00521,4552
DB00481,4553
DB01228,4555
DB00221,4556
DB00807,4557
DB12789,4558
DB00321,4559
DB00569,4560
DB00769,4561
DB00802,4562
DB05586,4563
DB01191,4565
DB14674,4566
DB00865,4567
DB00964,4568
DB00490,4569
DB09082,4570
DB15919,4571
DB01338,4572
DB01132,4573
DB08897,4574
DB00956,792
DB01250,4575
DB05528,4579
DB15091,4580
DB00247,4581
DB00343,4582
DB00014,4583
DB09291,4585
DB18515,3679
DB00372,4586
DB11842,4587
DB08815,4588
DB00283,4589
DB01076,762
DB00899,4590
DB00573,4591
DB05381,4592
DB00836,4593
DB08901,4594
DB01170,4595
DB01611,4596
DB01388,4599
DB00405,4600
DB15066,4602
DB00418,4603
DB01245,4604
DB11315,31
DB00961,4605
DB00633,4606
DB00392,4607
DB00680,4608
DB01098,760
DB00465,4609
DB00441,4610
DB04832,4611
DB14019,4612
DB00790,4613
DB01339,4614
DB06441,4615
DB00308,4616
DB01579,4617
DB00816,4618
DB00969,4619
DB04545,4620
DB00492,4621
DB01186,4622
DB08912,4623
DB00298,4624
DB01162,4625
DB00997,4627
DB00327,4628
DB08895,4630
DB11825,4631
DB00193,4633
DB14901,4634
DB14984,4635
DB17635,4636
DB06401,4637
DB01320,4639
DB08877,4640
DB15935,4641
DB09342,4642
DB00657,4643
DB01192,4644
DB00675,4645
DB01409,4647
DB06620,4648
DB01176,4649
DB00780,4650
DB00539,4651
DB06652,4653
DB04574,4654
DB05645,4655
DB00361,4656
DB01224,475
DB06185,4657
DB00841,4659
DB06814,4660
DB08827,4661
DB11764,4663
DB00915,4664
DB00528,4665
DB06645,4668
DB00762,4669
DB18214,4670
DB03206,4671
DB00723,4672
DB00767,4673
DB00545,4674
DB06210,4675
DB00935,4676
DB00379,4677
DB01336,4678
DB09351,4679
DB00192,4681
DB01151,4683
DB00504,4684
DB00473,4685
DB00449,4687
DB01079,4688
DB01246,4689
DB01014,4690
DB00245,4691
DB00792,4693
DB08799,4695
DB12887,4696
DB00226,4697
DB06704,4698
DB00950,4699
DB00907,4700
DB09080,4701
DB06764,4702
DB13811,4703
DB00388,4704
DB00344,4706
DB15019,4707
DB00682,4708
DB00451,950
DB00333,4709
DB01158,4710
DB04933,4712
DB00530,4714
DB00656,4715
DB00208,4716
DB14765,4717
DB09143,4718
DB00536,4719
DB06016,4721
DB05590,4722
DB06203,4723
DB06711,4724
DB00104,894
DB09030,4725
DB09068,4726
DB00377,4727
DB00541,4728
DB00906,4729
DB00925,4730
DB00728,4731
DB09039,4732
DB00882,4733
DB00941,4735
DB00979,4736
DB00892,4737
DB00697,4738
DB01122,4739
DB11186,4740
DB06497,4741
DB00768,4742
DB00933,4743
DB00733,4744
DB01219,4745
DB01274,986
DB00719,111
DB00599,1109
DB00035,4746
DB13688,4747
DB00963,4748
DB00215,4749
DB01002,4751
DB00387,4752
DB01618,4753
DB01626,4754
DB00869,4755
DB01551,4758
DB15002,4759
DB01129,4760
DB04817,2683
DB00988,4761
DB05316,4762
DB01580,4763
DB01012,4767
DB05553,4768
DB00594,4770
DB01556,4771
DB06209,4772
DB00721,4773
DB06825,227
DB00211,4774
DB00427,4775
DB01104,4776
DB00610,4777
DB00737,127
DB01365,1190
DB11949,4778
DB00565,1043
DB00412,4780
DB06763,4781
DB00175,4782
DB08869,4784
DB01105,1064
DB01106,4785
DB11761,4786
DB11739,4787
DB14631,633
DB01237,4788
DB00612,259
DB00835,4789
DB00854,4790
DB06699,4791
DB04834,4792
DB00983,986
DB00938,4793
DB00176,4794
DB01010,4796
DB13679,4797
DB16699,4798
DB00674,4799
DB06282,4800
DB01400,4802
DB04871,4803
DB00862,4804
DB17149,4805
DB00354,4807
DB06433,2355
DB01142,4808
DB06785,4809
DB06587,4810
DB00202,4811
DB09352,4812
DB00584,4813
DB00011,4815
DB00017,4816
DB00025,4817
DB00028,4818
DB00036,4819
DB00061,4820
DB00070,4821
DB00078,4822
DB00083,4823
DB00093,4824
DB00098,4825
DB00100,4826
DB00114,4827
DB00115,4828
DB00116,4829
DB00118,4830
DB00119,4831
DB00120,4832
DB00121,4833
DB00122,4834
DB00126,4835
DB00127,4836
DB00128,4837
DB00130,4838
DB00131,4839
DB00132,4840
DB00135,4841
DB00139,4842
DB00140,4843
DB00141,4844
DB00142,4845
DB00143,4846
DB00145,4847
DB00148,4848
DB00150,4849
DB00151,4850
DB00152,4851
DB00154,4852
DB00157,4853
DB00158,4854
DB00159,4855
DB00160,4856
DB00162,4857
DB00165,4858
DB00168,4859
DB00170,4860
DB00171,4861
DB00172,4862
DB00174,4863
DB00183,4864
DB00194,4865
DB00198,4866
DB00199,4867
DB00200,4868
DB00205,4869
DB00207,4870
DB00212,4871
DB00218,4872
DB00233,4873
DB00239,4874
DB00240,4875
DB00242,4876
DB00257,4877
DB00260,4878
DB00265,4879
DB00286,4880
DB00290,4881
DB00299,4882
DB00309,4883
DB00345,4884
DB00358,4885
DB00395,4886
DB00407,4887
DB00424,4888
DB00428,4889
DB00431,4890
DB00432,4891
DB00440,4892
DB00445,4893
DB00452,4894
DB00464,4895
DB00466,4896
DB00467,4897
DB00468,4898
DB00469,4899
DB00487,4900
DB00495,4901
DB00518,4902
DB00522,4903
DB00525,4904
DB00534,4905
DB00535,4906
DB00537,4907
DB00546,4908
DB00548,4909
DB00551,4910
DB00553,4911
DB00558,4912
DB00583,4913
DB00587,4914
DB00589,4915
DB00592,4916
DB00596,4917
DB00608,4918
DB00609,4919
DB00613,4920
DB00616,4921
DB00618,4922
DB00626,4923
DB00627,4924
DB00638,4925
DB00643,4926
DB00644,4263
DB00650,4927
DB00653,4928
DB00662,4929
DB00676,4930
DB00685,4931
DB00686,4932
DB00687,4933
DB00693,4934
DB00699,4935
DB00707,4936
DB00711,4937
DB00716,4938
DB00720,4939
DB00725,4940
DB00735,4941
DB00738,4942
DB00743,4943
DB00752,4944
DB00756,4945
DB00759,4946
DB00761,4947
DB00764,4948
DB00772,4949
DB00779,4950
DB00785,4951
DB00789,4952
DB00815,4953
DB00817,4954
DB00824,4955
DB00825,4956
DB00827,4957
DB00837,4958
DB00838,4959
DB00845,4960
DB00847,4961
DB00848,4962
DB00849,4963
DB00851,4964
DB00855,4965
DB00857,4966
DB00866,4967
DB00867,4968
DB00868,4969
DB00874,4970
DB00875,4971
DB00885,4972
DB00886,4973
DB00893,4974
DB00895,4975
DB00898,4976
DB00900,4977
DB00914,4978
DB00936,4979
DB00970,4980
DB00978,4981
DB00992,4982
DB00995,4983
DB01003,4984
DB01007,4985
DB01011,4986
DB01017,4987
DB01022,4988
DB01026,4989
DB01031,4990
DB01034,4991
DB01045,4992
DB01049,4993
DB01051,4994
DB01053,4995
DB01055,4996
DB01058,4997
DB01059,4998
DB01073,4999
DB01077,5000
DB01082,5001
DB01086,5002
DB01087,5003
DB01091,5004
DB01092,5005
DB01093,5006
DB01094,5007
DB01102,5008
DB01103,5009
DB01110,5010
DB01113,5011
DB01117,5012
DB01127,5013
DB01131,5014
DB01133,5015
DB01143,5016
DB01157,5017
DB01165,5018
DB01168,5019
DB01174,5020
DB01178,5021
DB01188,5022
DB01196,5023
DB01206,5024
DB01207,5025
DB01208,5026
DB01218,5027
DB01220,5028
DB01243,5029
DB01251,5030
DB01253,5031
DB01272,5032
DB01275,5033
DB01280,5034
DB01289,5035
DB01295,5036
DB01296,5037
DB01299,5038
DB01327,5039
DB01341,5040
DB01342,5041
DB01346,5042
DB01347,5043
DB01351,5044
DB01352,5045
DB01353,5046
DB01354,5047
DB01355,5048
DB01363,5049
DB01370,5050
DB01373,5051
DB01375,5052
DB01381,5053
DB01382,5054
DB01384,5055
DB01390,5056
DB01392,5057
DB01397,5058
DB01399,5059
DB01401,5060
DB01404,5061
DB01412,5062
DB01421,5063
DB01422,5064
DB01426,5065
DB01428,5066
DB01429,5067
DB01430,5068
DB01431,2803
DB01433,5069
DB01439,5070
DB01442,5071
DB01444,5072
DB01445,5073
DB01454,5074
DB01460,5075
DB01462,5076
DB01463,5077
DB01465,5078
DB01466,5079
DB01467,5080
DB01472,5081
DB01481,5082
DB01483,5083
DB01484,5084
DB01488,5085
DB01489,5086
DB01496,5087
DB01497,5088
DB01509,5089
DB01511,5090
DB01520,5091
DB01524,5092
DB01528,5093
DB01535,5094
DB01536,5095
DB01537,5096
DB01541,5097
DB01545,5098
DB01548,5099
DB01549,5100
DB01553,5101
DB01561,5102
DB01564,5103
DB01565,5104
DB01567,5105
DB01569,5106
DB01571,5107
DB01583,5108
DB01587,5109
DB01592,5110
DB01593,5111
DB01594,5112
DB01595,5113
DB01600,5114
DB01608,5115
DB01612,5116
DB01613,5117
DB01614,5118
DB01615,5119
DB01621,5120
DB01622,5121
DB01624,5122
DB01630,5123
DB01643,5124
DB01644,5125
DB01645,5126
DB01647,5127
DB01650,5128
DB01667,5129
DB01671,5130
DB01677,5131
DB01678,5132
DB01683,5133
DB01684,5134
DB01686,5135
DB01689,5136
DB01698,5137
DB01699,5138
DB01708,5139
DB01734,5140
DB01738,5141
DB01742,5142
DB01744,5143
DB01748,5144
DB01752,5145
DB01758,5146
DB01759,5147
DB01765,5148
DB01766,5149
DB01767,5150
DB01782,5151
DB01784,5152
DB01785,5153
DB01791,5154
DB01793,5155
DB01795,5156
DB01811,5157
DB01822,5158
DB01827,5159
DB01830,5160
DB01833,5161
DB01835,5162
DB01837,5163
DB01841,5164
DB01844,5165
DB01852,5166
DB01861,5167
DB01863,5168
DB01866,5169
DB01880,5170
DB01884,5171
DB01889,5172
DB01890,5173
DB01892,5174
DB01893,5175
DB01901,5176
DB01908,5177
DB01911,5178
DB01915,5179
DB01917,5180
DB01927,5181
DB01929,5182
DB01931,5183
DB01933,1807
DB01941,5184
DB01942,5185
DB01947,5186
DB01950,5187
DB01951,5188
DB01953,5189
DB01955,5190
DB01956,5191
DB01962,5192
DB01963,5193
DB01964,5194
DB01972,5195
DB01977,5196
DB01992,5197
DB01996,5198
DB01997,5199
DB02007,5200
DB02010,5201
DB02015,5202
DB02020,5203
DB02021,5204
DB02026,5205
DB02029,5206
DB02034,5207
DB02044,5208
DB02047,5209
DB02048,5210
DB02052,5211
DB02056,5212
DB02057,5213
DB02068,5214
DB02069,5215
DB02071,5216
DB02073,5217
DB02076,5218
DB02078,5219
DB02079,5220
DB02087,5221
DB02091,5222
DB02095,5223
DB02096,5224
DB02101,5225
DB02105,5226
DB02109,5227
DB02114,5228
DB02115,5229
DB02116,5230
DB02118,5231
DB02126,5232
DB02132,5233
DB02134,5234
DB02143,5235
DB02153,5236
DB02166,5237
DB02169,5238
DB02187,5239
DB02198,5240
DB02207,5241
DB02209,5242
DB02210,5243
DB02211,5244
DB02216,5245
DB02220,5246
DB02230,5247
DB02232,5248
DB02234,5249
DB02235,5250
DB02239,5251
DB02255,5252
DB02256,5253
DB02260,5254
DB02261,5255
DB02266,5256
DB02272,5257
DB02282,5258
DB02285,5259
DB02289,5260
DB02296,5261
DB02297,5262
DB02303,5263
DB02310,5264
DB02311,5265
DB02315,5266
DB02320,5267
DB02323,5268
DB02324,5269
DB02325,5270
DB02326,5271
DB02335,5272
DB02336,5273
DB02341,5274
DB02342,5275
DB02343,5276
DB02347,5277
DB02348,5278
DB02352,5279
DB02360,5280
DB02363,5281
DB02373,5282
DB02375,5283
DB02377,5284
DB02379,5285
DB02381,5286
DB02400,5287
DB02402,5288
DB02404,5289
DB02406,5290
DB02407,5291
DB02419,5292
DB02420,5293
DB02424,5294
DB02431,5295
DB02432,5296
DB02448,5297
DB02451,5298
DB02452,5299
DB02462,5300
DB02463,5301
DB02471,5302
DB02482,5303
DB02495,5304
DB02498,5305
DB02500,5306
DB02508,5307
DB02509,5308
DB02518,5309
DB02526,5310
DB02530,5311
DB02531,5312
DB02540,5313
DB02545,5314
DB02552,5315
DB02553,5316
DB02555,5317
DB02557,5318
DB02567,5319
DB02568,5320
DB02587,5321
DB02589,5322
DB02594,5323
DB02597,5324
DB02602,5325
DB02603,5326
DB02604,5327
DB02616,5328
DB02620,5329
DB02621,5330
DB02622,5331
DB02624,5332
DB02633,5333
DB02640,5334
DB02647,5335
DB02655,5336
DB02656,5337
DB02659,5338
DB02660,5339
DB02662,5340
DB02669,5341
DB02673,5342
DB02690,5343
DB02697,5344
DB02701,5345
DB02709,5346
DB02719,5347
DB02720,5348
DB02727,5349
DB02733,5350
DB02741,5351
DB02745,5352
DB02754,5353
DB02755,5354
DB02762,5355
DB02765,5356
DB02767,5357
DB02773,5358
DB02778,5359
DB02779,5360
DB02789,5361
DB02795,5362
DB02796,5363
DB02803,5364
DB02809,5365
DB02811,5366
DB02812,5367
DB02818,5368
DB02821,5369
DB02824,5370
DB02828,5371
DB02830,5372
DB02834,5373
DB02843,5374
DB02845,5375
DB02852,5376
DB02857,5377
DB02859,5378
DB02860,5379
DB02866,5380
DB02877,5381
DB02878,5382
DB02884,5383
DB02888,5384
DB02893,5385
DB02895,5386
DB02900,5387
DB02901,5388
DB02908,5389
DB02911,5390
DB02921,5391
DB02925,5392
DB02938,5393
DB02950,5394
DB02953,5395
DB02962,5396
DB02966,5397
DB02977,5398
DB02979,5399
DB02983,5400
DB02985,5401
DB02986,5402
DB02991,5403
DB02994,5404
DB02998,5405
DB02999,5406
DB03000,5407
DB03015,5408
DB03017,5409
DB03024,5410
DB03028,5411
DB03033,5412
DB03040,5413
DB03041,5414
DB03048,5415
DB03052,5416
DB03056,5417
DB03060,5418
DB03065,5419
DB03070,5420
DB03073,5421
DB03078,5422
DB03083,5423
DB03085,5424
DB03088,5425
DB03092,5426
DB03096,5427
DB03100,5428
DB03101,5429
DB03104,5430
DB03106,5431
DB03107,5432
DB03108,5433
DB03110,5434
DB03114,5435
DB03127,5436
DB03136,5437
DB03144,5438
DB03147,5439
DB03148,5440
DB03159,5441
DB03203,5442
DB03217,5443
DB03218,5444
DB03220,5445
DB03221,5446
DB03222,5447
DB03225,5448
DB03253,5449
DB03254,5450
DB03255,5451
DB03260,5452
DB03268,5453
DB03270,5454
DB03279,5455
DB03280,5456
DB03283,5457
DB03298,5458
DB03305,5459
DB03306,5460
DB03310,5461
DB03312,5462
DB03316,5463
DB03332,5464
DB03336,5465
DB03338,5466
DB03345,5467
DB03349,5468
DB03351,5469
DB03365,5470
DB03367,5471
DB03370,5472
DB03385,5473
DB03395,5474
DB03401,5475
DB03404,5476
DB03411,5477
DB03419,5478
DB03424,5479
DB03435,5480
DB03439,5481
DB03451,5482
DB03462,5483
DB03466,5484
DB03467,5485
DB03468,5486
DB03477,5487
DB03485,5488
DB03501,5489
DB03509,5490
DB03525,5491
DB03526,5492
DB03535,5493
DB03541,5494
DB03552,5495
DB03553,5496
DB03554,5497
DB03560,5498
DB03566,5499
DB03568,5500
DB03572,5501
DB03573,5502
DB03575,5503
DB03587,5504
DB03591,5505
DB03594,5506
DB03596,5507
DB03597,5508
DB03600,5509
DB03601,2106
DB03604,5510
DB03606,5511
DB03609,5512
DB03614,5513
DB03619,5514
DB03621,5515
DB03623,5516
DB03628,5517
DB03633,5518
DB03636,5519
DB03639,5520
DB03643,5521
DB03657,5522
DB03660,5523
DB03661,5524
DB03667,5525
DB03672,5526
DB03677,5527
DB03691,5528
DB03694,5529
DB03697,5530
DB03701,5531
DB03707,5532
DB03709,5533
DB03712,5534
DB03721,5535
DB03722,5536
DB03729,5537
DB03736,5538
DB03740,5539
DB03752,5540
DB03754,5541
DB03756,5542
DB03757,5543
DB03758,5544
DB03759,5545
DB03777,5546
DB03782,5547
DB03783,5548
DB03788,5549
DB03791,5550
DB03793,5551
DB03796,5552
DB03801,5553
DB03804,5554
DB03809,5555
DB03814,5556
DB03822,5557
DB03828,5558
DB03841,5559
DB03843,5560
DB03844,5561
DB03847,5562
DB03851,5563
DB03852,5564
DB03854,5565
DB03860,5566
DB03866,5567
DB03867,5568
DB03876,5569
DB03877,5570
DB03880,5571
DB03882,5572
DB03886,5573
DB03892,5574
DB03894,5575
DB03899,5576
DB03900,5577
DB03902,5578
DB03906,5579
DB03909,5580
DB03910,5581
DB03918,5582
DB03921,5583
DB03925,5584
DB03929,5585
DB03932,5586
DB03940,5587
DB03945,5588
DB03948,5589
DB03953,5590
DB03957,5591
DB03959,5592
DB03966,5593
DB03968,5594
DB03971,5595
DB03974,5596
DB03975,5597
DB03977,5598
DB03980,5599
DB04001,5600
DB04005,5601
DB04007,5602
DB04010,5603
DB04014,5604
DB04017,5605
DB04018,5606
DB04021,5607
DB04029,5608
DB04044,5609
DB04066,5610
DB04076,5611
DB04080,5612
DB04089,5613
DB04094,5614
DB04095,5615
DB04106,5616
DB04115,5617
DB04129,5618
DB04132,5619
DB04137,5620
DB04139,5621
DB04147,5622
DB04149,5623
DB04152,5624
DB04160,5625
DB04163,5626
DB04177,5627
DB04178,5628
DB04188,5629
DB04195,5630
DB04202,5631
DB04203,5632
DB04209,5633
DB04213,5634
DB04214,5635
DB04216,5636
DB04218,5637
DB04223,5638
DB04224,5639
DB04233,5640
DB04242,5641
DB04250,5642
DB04253,5643
DB04256,5644
DB04260,5645
DB04263,5646
DB04264,5647
DB04272,5648
DB04275,5649
DB04286,5650
DB04287,5651
DB04295,5652
DB04297,5653
DB04306,5654
DB04307,5655
DB04315,5656
DB04325,5657
DB04327,5658
DB04334,5659
DB04338,5660
DB04339,5661
DB04348,5662
DB04365,5663
DB04367,5664
DB04368,5665
DB04371,5666
DB04376,5667
DB04377,5668
DB04379,5669
DB04381,5670
DB04387,5671
DB04389,5672
DB04392,5673
DB04400,5674
DB04409,5675
DB04426,5676
DB04440,5677
DB04453,5678
DB04459,5679
DB04462,5680
DB04463,5681
DB04464,5682
DB04466,5683
DB04474,5684
DB04485,5685
DB04487,5686
DB04491,5687
DB04493,5688
DB04495,5689
DB04509,5690
DB04522,5691
DB04523,5692
DB04530,5693
DB04531,5694
DB04534,5695
DB04540,5696
DB04552,5697
DB04556,5698
DB04557,5699
DB04559,5700
DB04560,5701
DB04566,5702
DB04576,5703
DB04577,5704
DB04581,5705
DB04599,5706
DB04607,5707
DB04614,5708
DB04615,5709
DB04616,5710
DB04620,5711
DB04630,5712
DB04652,5713
DB04655,5714
DB04658,5715
DB04660,5716
DB04665,5717
DB04674,5718
DB04690,5719
DB04703,5720
DB04705,5721
DB04707,5722
DB04711,5723
DB04714,5724
DB04716,5725
DB04719,5726
DB04723,5727
DB04725,5728
DB04728,5729
DB04743,5730
DB04745,5731
DB04751,5732
DB04753,5733
DB04754,5734
DB04757,5735
DB04769,5736
DB04781,5737
DB04787,5738
DB04795,5739
DB04797,5740
DB04800,5741
DB04801,5742
DB04813,5743
DB04815,5744
DB04824,5745
DB04828,5746
DB04829,5747
DB04837,5748
DB04838,5749
DB04841,5750
DB04857,5751
DB04858,5752
DB04859,5753
DB04860,5754
DB04863,5755
DB04864,4116
DB04865,5756
DB04867,5757
DB04870,5758
DB04872,5759
DB04875,5760
DB04877,5761
DB04881,5762
DB04892,5763
DB04895,5764
DB04901,5765
DB04905,5766
DB04908,5767
DB04915,5768
DB04917,5769
DB04930,5770
DB04932,5771
DB04947,5772
DB04951,5773
DB04967,5774
DB04971,5775
DB04972,5776
DB04974,5777
DB04975,5778
DB05013,5779
DB05034,5780
DB05053,5781
DB05057,5782
DB05084,5783
DB05097,5784
DB05100,5785
DB05103,5786
DB05107,5787
DB05129,5788
DB05137,5789
DB05152,5790
DB05155,5791
DB05171,5792
DB05204,5793
DB05217,5794
DB05225,5795
DB05229,5796
DB05232,5797
DB05252,5798
DB05265,5799
DB05296,5800
DB05327,5801
DB05339,5802
DB05343,5803
DB05361,5804
DB05382,5805
DB05383,5806
DB05407,5807
DB05409,5808
DB05414,5809
DB05420,5810
DB05421,5811
DB05422,5812
DB05423,1651
DB05428,2798
DB05431,5813
DB05434,5814
DB05442,5815
DB05444,5816
DB05454,5817
DB05475,5818
DB05495,5819
DB05511,2197
DB05513,5820
DB05521,5821
DB05550,5822
DB05559,5823
DB05560,5824
DB05565,5825
DB05592,5826
DB05595,5827
DB05624,5828
DB05630,5829
DB05631,5830
DB05650,5831
DB05668,5832
DB05678,3609
DB05695,5833
DB05710,5834
DB05713,5835
DB05721,5836
DB05724,5837
DB05766,5838
DB05777,5839
DB05786,5840
DB05792,5841
DB05805,3920
DB05806,4134
DB05814,5842
DB05838,5843
DB05855,5844
DB05861,5845
DB05864,5846
DB05874,5847
DB05889,5848
DB05905,5849
DB05931,5850
DB05938,5851
DB05939,5852
DB05941,5853
DB05959,5854
DB05970,5855
DB05993,5856
DB05998,5857
DB06027,5858
DB06073,5859
DB06081,5860
DB06082,5861
DB06109,5862
DB06148,5863
DB06151,5864
DB06152,5865
DB06153,5866
DB06160,5867
DB06162,5868
DB06178,5869
DB06182,5870
DB06193,5871
DB06194,1684
DB06205,5872
DB06219,5873
DB06226,5874
DB06229,5875
DB06235,5876
DB06246,5877
DB06251,5878
DB06255,5879
DB06258,5880
DB06264,5881
DB06271,5882
DB06276,5883
DB06297,5884
DB06333,5885
DB06334,5886
DB06343,5887
DB06347,1350
DB06358,5888
DB06364,5889
DB06367,5890
DB06370,5891
DB06397,5892
DB06402,5893
DB06404,5894
DB06406,5895
DB06408,5896
DB06409,5897
DB06421,5898
DB06429,5899
DB06435,5900
DB06439,5901
DB06442,5902
DB06457,5903
DB06468,5904
DB06469,2133
DB06471,5905
DB06472,5906
DB06484,5907
DB06504,5908
DB06508,5909
DB06512,5910
DB06519,5911
DB06521,5912
DB06525,5913
DB06529,5914
DB06555,5915
DB06578,5916
DB06582,5917
DB06597,5918
DB06602,5919
DB06606,5920
DB06607,5921
DB06609,5922
DB06612,5923
DB06618,5924
DB06622,5925
DB06638,5926
DB06641,5927
DB06651,5928
DB06685,5929
DB06689,5930
DB06693,5931
DB06697,5932
DB06705,5933
DB06706,5934
DB06708,5935
DB06714,5936
DB06716,5937
DB06726,5938
DB06729,5939
DB06731,5940
DB06732,5941
DB06733,5942
DB06734,5943
DB06738,5944
DB06741,5945
DB06743,5946
DB06749,5947
DB06752,5948
DB06754,5949
DB06757,5950
DB06773,5951
DB06793,5952
DB06795,5953
DB06797,5954
DB06808,5955
DB06815,5956
DB06819,5957
DB06824,5958
DB06828,5959
DB06830,5960
DB06833,5961
DB06836,5962
DB06838,5963
DB06851,5964
DB06861,5965
DB06867,5966
DB06871,5967
DB06875,5968
DB06911,5969
DB06917,5970
DB06919,5971
DB06920,5972
DB06926,5973
DB06948,5974
DB06973,5975
DB06996,5976
DB06999,5977
DB07002,5978
DB07027,5979
DB07031,5980
DB07032,5981
DB07038,5982
DB07050,5983
DB07063,5984
DB07078,5985
DB07083,5986
DB07094,5987
DB07096,5988
DB07099,5989
DB07102,5990
DB07104,5991
DB07106,5992
DB07108,5993
DB07119,5994
DB07122,5995
DB07126,5996
DB07129,5997
DB07133,5998
DB07139,5999
DB07143,6000
DB07145,6001
DB07149,6002
DB07150,6003
DB07161,6004
DB07173,6005
DB07187,6006
DB07196,6007
DB07203,6008
DB07227,6009
DB07259,6010
DB07260,6011
DB07278,6012
DB07286,6013
DB07288,6014
DB07292,6015
DB07302,6016
DB07309,6017
DB07313,6018
DB07319,6019
DB07330,6020
DB07340,6021
DB07342,6022
DB07352,6023
DB07353,6024
DB07373,6025
DB07377,6026
DB07382,6027
DB07390,6028
DB07404,6029
DB07405,6030
DB07409,6031
DB07410,6032
DB07412,6033
DB07423,6034
DB07425,6035
DB07426,6036
DB07427,6037
DB07428,6038
DB07430,6039
DB07440,6040
DB07446,6041
DB07453,6042
DB07459,6043
DB07462,6044
DB07476,6045
DB07477,6046
DB07496,6047
DB07503,6048
DB07512,6049
DB07525,6050
DB07545,6051
DB07553,6052
DB07556,6053
DB07557,6054
DB07593,6055
DB07594,6056
DB07615,6057
DB07621,6058
DB07637,6059
DB07641,6060
DB07645,6061
DB07653,6062
DB07658,6063
DB07659,6064
DB07660,6065
DB07662,6066
DB07664,6067
DB07677,6068
DB07681,6069
DB07683,6070
DB07684,6071
DB07708,6072
DB07711,6073
DB07712,6074
DB07715,6075
DB07718,6076
DB07720,6077
DB07723,6078
DB07742,6079
DB07767,6080
DB07776,6081
DB07780,6082
DB07794,6083
DB07795,6084
DB07810,6085
DB07829,6086
DB07841,6087
DB07842,6088
DB07863,6089
DB07873,6090
DB07876,6091
DB07897,6092
DB07917,6093
DB07919,6094
DB07920,6095
DB07922,6096
DB07926,6097
DB07940,6098
DB07954,6099
DB07955,6100
DB07983,6101
DB07988,6102
DB07995,6103
DB07997,6104
DB08003,6105
DB08009,6106
DB08037,6107
DB08039,6108
DB08040,6109
DB08044,6110
DB08048,6111
DB08049,6112
DB08052,6113
DB08058,6114
DB08059,6115
DB08061,6116
DB08065,6117
DB08073,6118
DB08078,6119
DB08084,6120
DB08085,6121
DB08089,6122
DB08093,6123
DB08121,6124
DB08132,6125
DB08133,6126
DB08134,6127
DB08135,6128
DB08155,6129
DB08156,6130
DB08157,6131
DB08165,6132
DB08167,6133
DB08168,6134
DB08178,6135
DB08180,6136
DB08182,6137
DB08190,6138
DB08192,6139
DB08200,6140
DB08201,6141
DB08214,6142
DB08222,6143
DB08228,6144
DB08231,6145
DB08233,6146
DB08238,6147
DB08254,6148
DB08256,6149
DB08257,6150
DB08258,6151
DB08262,6152
DB08312,6153
DB08321,6154
DB08324,6155
DB08339,6156
DB08348,6157
DB08357,6158
DB08358,6159
DB08361,6160
DB08363,6161
DB08371,6162
DB08388,6163
DB08398,6164
DB08403,6165
DB08416,6166
DB08436,6167
DB08443,6168
DB08454,6169
DB08462,6170
DB08466,6171
DB08473,6172
DB08476,6173
DB08480,6174
DB08482,6175
DB08484,6176
DB08492,6177
DB08517,6178
DB08522,6179
DB08550,6180
DB08568,6181
DB08576,6182
DB08577,6183
DB08593,6184
DB08594,6185
DB08597,6186
DB08599,6187
DB08601,6188
DB08604,6189
DB08611,6190
DB08612,6191
DB08626,6192
DB08632,6193
DB08633,6194
DB08651,6195
DB08653,6196
DB08658,6197
DB08683,6198
DB08691,6199
DB08754,6200
DB08756,6201
DB08760,6202
DB08765,6203
DB08768,6204
DB08770,6205
DB08772,6206
DB08780,6207
DB08782,6208
DB08786,6209
DB08800,6210
DB08802,6211
DB08805,6212
DB08806,6213
DB08807,6214
DB08808,6215
DB08809,6216
DB08810,6217
DB08811,6218
DB08813,6219
DB08814,6220
DB08818,6221
DB08823,6222
DB08824,6223
DB08834,6224
DB08835,6225
DB08836,6226
DB08837,6227
DB08838,6228
DB08839,6229
DB08841,6230
DB08846,6231
DB08848,6232
DB08849,6233
DB08855,6234
DB08856,6235
DB08861,6236
DB08862,6237
DB08864,6238
DB08878,6239
DB08905,6240
DB08922,6241
DB08927,6242
DB08936,6243
DB08943,6244
DB08949,6245
DB08950,6246
DB08954,6247
DB08955,6248
DB08960,6249
DB08964,6250
DB08980,6251
DB08981,6252
DB08995,6253
DB08996,6254
DB09000,6255
DB09014,6256
DB09016,6257
DB09017,6258
DB09019,6259
DB09020,6260
DB09023,6261
DB09031,6262
DB09047,6263
DB09066,6264
DB09067,6265
DB09069,6266
DB09070,6267
DB09086,6268
DB09088,6269
DB09089,6270
DB09090,6271
DB09091,6272
DB09092,6273
DB09093,6274
DB09095,6275
DB09096,6276
DB09097,3878
DB09100,6277
DB09103,6278
DB09107,6279
DB09108,6280
DB09109,6281
DB09112,6282
DB09116,6283
DB09118,6284
DB09123,6285
DB09124,6286
DB09129,6287
DB09130,6288
DB09140,6289
DB09147,6290
DB09148,6291
DB09149,6292
DB09151,6293
DB09154,6294
DB09158,6295
DB09166,6296
DB09173,6297
DB09174,6298
DB09181,6299
DB09186,6300
DB09194,6301
DB09195,6302
DB09196,6303
DB09198,6304
DB09201,6305
DB09202,6306
DB09204,6307
DB09206,6308
DB09207,6309
DB09209,6310
DB09211,6311
DB09215,6312
DB09216,6313
DB09217,6314
DB09220,6315
DB09221,6316
DB09224,6317
DB09225,6318
DB09228,6319
DB09229,6320
DB09231,6321
DB09235,6322
DB09239,6323
DB09241,6324
DB09244,6325
DB09258,6326
DB09266,6327
DB09270,6328
DB09271,6329
DB09273,6330
DB09282,6331
DB09283,6332
DB09285,6333
DB09286,6334
DB09288,6335
DB09289,6336
DB09295,6337
DB09300,6338
DB09304,6339
DB09327,6340
DB09329,6341
DB09332,6342
DB09333,6343
DB09336,6344
DB09338,6345
DB09345,6346
DB09361,6347
DB09363,6348
DB09372,6349
DB09401,6350
DB09409,6351
DB09418,6352
DB09422,6353
DB09456,6354
DB09460,6355
DB09462,6356
DB09472,6357
DB09481,6358
DB09517,6359
DB09526,6360
DB09539,6361
DB09543,6362
DB09552,6363
DB09559,6364
DB09568,6365
DB10770,6366
DB10772,6367
DB11059,6368
DB11064,6369
DB11071,6370
DB11079,6371
DB11081,6372
DB11085,6373
DB11090,6374
DB11091,6375
DB11093,6376
DB11113,6377
DB11124,6378
DB11130,6379
DB11131,6380
DB11133,6381
DB11136,6382
DB11145,6383
DB11156,6384
DB11157,6385
DB11160,6386
DB11166,6387
DB11181,6388
DB11193,6389
DB11201,6390
DB11219,6391
DB11221,6392
DB11235,6393
DB11254,6394
DB11259,6395
DB11263,6396
DB11268,6397
DB11273,6398
DB11274,6399
DB11275,6400
DB11278,6401
DB11288,6402
DB11294,6403
DB11300,6404
DB11311,6405
DB11312,6406
DB11323,6407
DB11324,6408
DB11327,6409
DB11328,6410
DB11338,6411
DB11345,6412
DB11348,6413
DB11365,6414
DB11366,6415
DB11376,6416
DB11399,6417
DB11425,6418
DB11428,6419
DB11429,6420
DB11466,6421
DB11477,6422
DB11490,6423
DB11496,6424
DB11504,6425
DB11507,6426
DB11519,6427
DB11521,6428
DB11564,6429
DB11567,6430
DB11568,6431
DB11571,6432
DB11572,6433
DB11577,6434
DB11580,6435
DB11582,6436
DB11584,6437
DB11587,6438
DB11588,6439
DB11590,6440
DB11595,6441
DB11597,6442
DB11598,6443
DB11601,6444
DB11605,6445
DB11606,6446
DB11607,6447
DB11608,6448
DB11617,6449
DB11619,6450
DB11620,6451
DB11623,6452
DB11626,6453
DB11633,6454
DB11635,6455
DB11638,6456
DB11639,6457
DB11645,3598
DB11647,6458
DB11650,3401
DB11656,6459
DB11669,6460
DB11672,6461
DB11673,6462
DB11708,1697
DB11714,6463
DB11721,6464
DB11723,3108
DB11724,6465
DB11725,6466
DB11731,6467
DB11734,6468
DB11736,3544
DB11750,6469
DB11752,6470
DB11755,6471
DB11767,6472
DB11769,6473
DB11771,6474
DB11773,6475
DB11776,6476
DB11785,6477
DB11790,6478
DB11819,6479
DB11834,6480
DB11839,3354
DB11840,6481
DB11848,6482
DB11850,6483
DB11856,6484
DB11858,6485
DB11866,6486
DB11870,3335
DB11877,6487
DB11884,6488
DB11898,6489
DB11914,6490
DB11918,6491
DB11919,6492
DB11928,6493
DB11937,6494
DB11945,6495
DB11948,6496
DB11960,6497
DB11961,3580
DB11970,1943
DB11975,6498
DB11976,6499
DB11987,6500
DB11988,6501
DB11990,3791
DB11994,6502
DB12007,6503
DB12018,6504
DB12023,6505
DB12024,6506
DB12025,6507
DB12027,6508
DB12034,6509
DB12039,6510
DB12050,6511
DB12052,6512
DB12054,4000
DB12058,6513
DB12082,6514
DB12084,6515
DB12085,6516
DB12086,6517
DB12088,6518
DB12093,6519
DB12098,6520
DB12099,6521
DB12109,6522
DB12110,6523
DB12111,6524
DB12116,6525
DB12118,6526
DB12124,6527
DB12126,6528
DB12134,6529
DB12143,6530
DB12146,6531
DB12150,6532
DB12151,6533
DB12155,6534
DB12157,6535
DB12159,6536
DB12161,6537
DB12169,6538
DB12186,3259
DB12188,6539
DB12189,6540
DB12193,6541
DB12211,6542
DB12220,3685
DB12222,6543
DB12226,6544
DB12234,6545
DB12240,6546
DB12243,6547
DB12244,2083
DB12247,1703
DB12266,6548
DB12271,6549
DB12274,6550
DB12276,6551
DB12278,6552
DB12279,6553
DB12284,4096
DB12288,3777
DB12290,6554
DB12298,6555
DB12306,6556
DB12308,6557
DB12309,6558
DB12312,6559
DB12313,6560
DB12314,6561
DB12317,6562
DB12321,6563
DB12323,3352
DB12326,6564
DB12327,6565
DB12328,6566
DB12339,6567
DB12348,6568
DB12350,6569
DB12354,6570
DB12357,1720
DB12370,6571
DB12375,3404
DB12379,6572
DB12380,6573
DB12385,6574
DB12392,6575
DB12410,6576
DB12414,6577
DB12416,6578
DB12418,6579
DB12420,6580
DB12428,1624
DB12435,6581
DB12441,6582
DB12445,6583
DB12446,1948
DB12449,6584
DB12452,6585
DB12465,6586
DB12478,6587
DB12484,6588
DB12487,6589
DB12489,6590
DB12498,6591
DB12505,6592
DB12507,4135
DB12509,6593
DB12514,6594
DB12518,6595
DB12530,6596
DB12532,6597
DB12537,6598
DB12539,6599
DB12541,6600
DB12542,6601
DB12549,6602
DB12554,6603
DB12556,1442
DB12559,6604
DB12564,6605
DB12571,6606
DB12576,6607
DB12581,2221
DB12582,6608
DB12598,6609
DB12610,6610
DB12611,1465
DB12615,6611
DB12622,6612
DB12623,6613
DB12631,6614
DB12638,6615
DB12645,6616
DB12647,6617
DB12648,6618
DB12651,6619
DB12661,6620
DB12664,2079
DB12665,6621
DB12668,6622
DB12669,1330
DB12670,6623
DB12671,3386
DB12672,6624
DB12675,6625
DB12679,6626
DB12688,6627
DB12693,6628
DB12698,6629
DB12704,6630
DB12709,6631
DB12710,6632
DB12739,6633
DB12741,6634
DB12746,1688
DB12750,6635
DB12754,6636
DB12760,1917
DB12763,1440
DB12765,6637
DB12795,6638
DB12799,6639
DB12803,6640
DB12804,6641
DB12816,6642
DB12818,6643
DB12819,6644
DB12831,6645
DB12838,6646
DB12839,6647
DB12842,6648
DB12843,6649
DB12847,6650
DB12852,6651
DB12853,6652
DB12868,6653
DB12869,6654
DB12872,6655
DB12879,6656
DB12881,6657
DB12883,6658
DB12884,6659
DB12886,3273
DB12890,6660
DB12893,6661
DB12899,6662
DB12906,6663
DB12917,6664
DB12920,6665
DB12923,6666
DB12931,6667
DB12934,6668
DB12946,6669
DB12948,6670
DB12953,6671
DB12955,6672
DB12959,3968
DB12961,6673
DB12963,1886
DB12965,6674
DB12967,6675
DB12980,6676
DB12986,1529
DB12996,6677
DB13007,6678
DB13009,6679
DB13010,6680
DB13014,6681
DB13016,6682
DB13022,1436
DB13023,6683
DB13033,6684
DB13035,1337
DB13044,6685
DB13048,6686
DB13052,6687
DB13058,6688
DB13059,1469
DB13062,1439
DB13063,6689
DB13064,6690
DB13066,6691
DB13080,6692
DB13089,6693
DB13097,6694
DB13098,6695
DB13104,1534
DB13106,6696
DB13107,3655
DB13118,6697
DB13120,6698
DB13123,6699
DB13127,6700
DB13133,6701
DB13138,1894
DB13144,6702
DB13146,6703
DB13149,6704
DB13150,6705
DB13151,6706
DB13152,6707
DB13155,6708
DB13158,6709
DB13161,6710
DB13166,6711
DB13169,6712
DB13171,6713
DB13173,6714
DB13174,6715
DB13179,6716
DB13182,6717
DB13191,6718
DB13192,6719
DB13200,6720
DB13242,6721
DB13243,6722
DB13245,6723
DB13247,6724
DB13251,6725
DB13254,6726
DB13257,6727
DB13262,6728
DB13308,6729
DB13310,6730
DB13318,6731
DB13335,6732
DB13343,6733
DB13345,6734
DB13346,6735
DB13421,6736
DB13437,6737
DB13481,6738
DB13495,6739
DB13502,6740
DB13503,6741
DB13505,6742
DB13520,6743
DB13530,6744
DB13550,6745
DB13552,6746
DB13559,3851
DB13581,6747
DB13615,6748
DB13616,6749
DB13624,6750
DB13643,6751
DB13665,6752
DB13715,6753
DB13716,6754
DB13729,6755
DB13746,6756
DB13750,6757
DB13751,6758
DB13757,6759
DB13760,6760
DB13766,6761
DB13767,6762
DB13775,6763
DB13777,6764
DB13791,6765
DB13793,6766
DB13800,6767
DB13806,6768
DB13810,6769
DB13837,6770
DB13853,6771
DB13857,6772
DB13867,653
DB13872,6773
DB13875,6774
DB13876,6775
DB13881,6776
DB13884,6777
DB13893,6778
DB13894,6779
DB13896,6780
DB13908,6781
DB13915,6782
DB13923,6783
DB13925,6784
DB13926,6785
DB13928,6786
DB13932,6787
DB13933,6788
DB13934,1304
DB13939,6789
DB13940,6790
DB13948,6791
DB13949,6792
DB13950,6793
DB13953,6794
DB13955,6795
DB13961,6796
DB13967,6797
DB13978,4168
DB13983,6798
DB13985,2872
DB13988,6799
DB13993,6800
DB13995,6801
DB13998,6802
DB14004,6803
DB14009,6804
DB14010,6805
DB14011,6806
DB14012,6807
DB14013,6808
DB14014,6809
DB14017,6810
DB14018,6811
DB14020,6812
DB14028,6813
DB14034,6814
DB14035,6815
DB14039,6816
DB14040,6817
DB14041,6818
DB14042,6819
DB14043,6820
DB14049,6821
DB14050,6822
DB14054,6823
DB14059,6824
DB14060,6825
DB14061,6826
DB14062,6827
DB14063,6828
DB14064,6829
DB14065,6830
DB14066,6831
DB14067,6832
DB14068,6833
DB14069,6834
DB14071,6835
DB14072,6836
DB14083,6837
DB14086,6838
DB14104,6839
DB14109,6840
DB14127,6841
DB14128,6842
DB14132,6843
DB14144,6844
DB14146,3418
DB14174,6845
DB14183,6846
DB14184,6847
DB14187,6848
DB14210,6849
DB14212,6850
DB14371,6851
DB14500,6852
DB14502,6853
DB14511,6854
DB14520,6855
DB14533,6856
DB14546,6857
DB14548,6858
DB14562,6859
DB14580,6860
DB14581,6861
DB14597,6862
DB14672,6863
DB14700,6864
DB14707,6865
DB14715,6866
DB14719,6867
DB14722,6868
DB14724,6869
DB14731,6870
DB14737,6871
DB14738,6872
DB14740,6873
DB14762,6874
DB14763,6875
DB14773,1376
DB14776,6876
DB14779,6877
DB14787,6878
DB14791,1490
DB14799,6879
DB14802,3533
DB14803,6880
DB14805,6881
DB14811,6882
DB14823,1888
DB14835,3682
DB14844,6883
DB14846,6884
DB14851,6885
DB14854,2052
DB14857,6886
DB14859,6887
DB14864,6888
DB14866,6889
DB14867,3630
DB14868,3477
DB14876,6890
DB14886,4085
DB14887,6891
DB14892,6892
DB14898,6893
DB14900,6894
DB14909,6895
DB14910,6896
DB14911,6897
DB14914,6898
DB14917,6899
DB14918,6900
DB14919,6901
DB14922,6902
DB14923,2204
DB14939,2007
DB14944,3828
DB14946,6903
DB14960,6904
DB14962,6905
DB14967,6906
DB14977,3778
DB14979,6907
DB14992,6908
DB14995,6909
DB14996,6910
DB14998,1554
DB14999,6911
DB15001,6912
DB15003,3276
DB15033,6913
DB15034,3954
DB15036,6914
DB15038,6915
DB15043,6916
DB15044,6917
DB15047,6918
DB15048,3130
DB15063,6919
DB15067,6920
DB15085,3278
DB15090,6921
DB15092,1899
DB15093,6922
DB15096,6923
DB15100,6924
DB15106,1418
DB15114,4206
DB15118,6925
DB15119,6926
DB15124,6927
DB15126,3602
DB15130,6928
DB15132,6929
DB15137,1679
DB15138,6930
DB15163,3495
DB15164,6931
DB15165,6932
DB15169,6933
DB15171,6934
DB15173,3315
DB15187,6935
DB15190,1742
DB15192,1882
DB15194,3283
DB15214,6936
DB15218,6937
DB15221,6938
DB15226,6939
DB15229,2047
DB15248,6940
DB15252,6941
DB15265,6942
DB15270,6943
DB15271,6944
DB15283,6945
DB15288,6946
DB15303,6947
DB15334,6948
DB15335,6949
DB15347,3260
DB15348,3636
DB15354,6950
DB15355,6951
DB15356,6952
DB15366,6953
DB15382,1500
DB15391,2661
DB15395,6954
DB15407,1744
DB15413,6955
DB15425,6956
DB15434,6957
DB15449,6958
DB15450,6959
DB15458,6960
DB15460,6961
DB15462,6962
DB15466,6963
DB15471,6964
DB15488,6965
DB15489,6966
DB15492,6967
DB15493,6968
DB15494,6969
DB15495,6970
DB15496,6971
DB15498,6972
DB15534,6973
DB15570,6974
DB15581,6975
DB15584,6976
DB15585,6977
DB15588,6978
DB15593,6979
DB15598,6980
DB15599,6981
DB15617,6982
DB15624,6983
DB15626,6984
DB15627,6985
DB15628,6986
DB15635,6987
DB15636,6988
DB15637,6989
DB15640,6990
DB15643,6991
DB15647,6992
DB15650,6993
DB15665,6994
DB15690,6995
DB15699,6996
DB15719,6997
DB15762,6998
DB15765,6999
DB15766,7000
DB15767,7001
DB15768,7002
DB15769,7003
DB15770,7004
DB15771,7005
DB15772,7006
DB15773,7007
DB15791,7008
DB15873,7009
DB15949,7010
DB15954,7011
DB15971,7012
DB15982,7013
DB16007,7014
DB16013,7015
DB16019,7016
DB16028,7017
DB16038,7018
DB16039,7019
DB16043,7020
DB16050,7021
DB16051,7022
DB16053,7023
DB16055,7024
DB16061,7025
DB16064,7026
DB16067,7027
DB16068,7028
DB16071,7029
DB16072,7030
DB16073,7031
DB16084,7032
DB16095,7033
DB16099,7034
DB16101,7035
DB16106,7036
DB16109,7037
DB16112,7038
DB16123,7039
DB16128,7040
DB16134,7041
DB16137,7042
DB16145,7043
DB16146,7044
DB16148,7045
DB16153,7046
DB16160,7047
DB16162,7048
DB16167,7049
DB16168,7050
DB16186,7051
DB16191,7052
DB16192,7053
DB16210,7054
DB16213,7055
DB16214,7056
DB16218,7057
DB16220,7058
DB16222,7059
DB16227,7060
DB16240,7061
DB16244,1640
DB16252,7062
DB16265,7063
DB16272,7064
DB16275,7065
DB16277,7066
DB16279,7067
DB16288,7068
DB16305,7069
DB16309,7070
DB16318,7071
DB16319,7072
DB16324,7073
DB16341,7074
DB16349,7075
DB16370,7076
DB16371,7077
DB16379,7078
DB16388,7079
DB16390,7080
DB16404,7081
DB16407,7082
DB16411,7083
DB16416,7084
DB16417,7085
DB16418,7086
DB16446,7087
DB16447,7088
DB16453,7089
DB16454,7090
DB16456,7091
DB16473,7092
DB16474,7093
DB16479,7094
DB16485,7095
DB16492,7096
DB16495,7097
DB16502,7098
DB16554,7099
DB16555,7100
DB16580,7101
DB16582,7102
DB16602,7103
DB16607,7104
DB16623,7105
DB16628,7106
DB16629,7107
DB16630,7108
DB16637,7109
DB16652,7110
DB16655,7111
DB16662,7112
DB16665,7113
DB16668,7114
DB16672,7115
DB16678,7116
DB16684,7117
DB16693,7118
DB16694,7119
DB16695,7120
DB16697,7121
DB16698,7122
DB16700,7123
DB16707,7124
DB16708,7125
DB16732,7126
DB16733,7127
DB16737,7128
DB16738,7129
DB16739,7130
DB16740,7131
DB16742,7132
DB16744,7133
DB16754,7134
DB16756,7135
DB16767,7136
DB16768,7137
DB16770,7138
DB16771,7139
DB16778,7140
DB16791,7141
DB16820,7142
DB16822,7143
DB16823,7144
DB16825,7145
DB16833,7146
DB16834,7147
DB16838,7148
DB16854,7149
DB16857,7150
DB16862,7151
DB16863,7152
DB16865,7153
DB16874,7154
DB16877,7155
DB16884,7156
DB16890,7157
DB16893,7158
DB16895,7159
DB16909,7160
DB16911,7161
DB16927,7162
DB16936,7163
DB16938,7164
DB16955,7165
DB16967,7166
DB16968,7167
DB16995,7168
DB17018,7169
DB17021,7170
DB17022,7171
DB17023,7172
DB17024,7173
DB17026,7174
DB17029,7175
DB17032,7176
DB17033,7177
DB17034,7178
DB17039,7179
DB17040,7180
DB17041,7181
DB17042,7182
DB17043,7183
DB17045,7184
DB17046,7185
DB17047,7186
DB17051,7187
DB17052,7188
DB17053,7189
DB17055,7190
DB17056,7191
DB17059,7192
DB17060,7193
DB17061,7194
DB17063,7195
DB17064,7196
DB17080,7197
DB17087,7198
DB17101,7199
DB17112,7200
DB17117,7201
DB17131,7202
DB17140,7203
DB17143,7204
DB17152,7205
DB17159,7206
DB17166,7207
DB17180,7208
DB17256,7209
DB17277,7210
DB17283,7211
DB17298,7212
DB17299,7213
DB17309,7214
DB17383,7215
DB17449,7216
DB17490,7217
DB17493,7218
DB17507,7219
DB17520,7220
DB17525,7221
DB17578,7222
DB17587,7223
DB17589,7224
DB17602,7225
DB17670,7226
DB17706,7227
DB17725,7228
DB17749,7229
DB17758,7230
DB17832,7231
DB17837,7232
DB17851,7233
DB17856,7234
DB17873,7235
DB17882,7236
DB17892,7237
DB17919,7238
DB17929,7239
DB17977,7240
DB17984,7241
DB18011,7242
DB18012,7243
DB18019,7244
DB18038,7245
DB18041,7246
DB18046,7247
DB18054,7248
DB18080,7249
DB18091,7250
DB18096,7251
DB18104,7252
DB18107,7253
DB18122,7254
DB18124,7255
DB18125,7256
DB18145,7257
DB18203,7258
DB18213,7259
DB18236,7260
DB18252,7261
DB18267,7262
DB18268,7263
DB18296,7264
DB18298,7265
DB18307,7266
DB18313,7267
DB18315,7268
DB18368,7269
DB18393,7270
DB18405,7271
DB18488,7272
DB18490,7273
DB18632,7274
DB18665,7275
DB18676,7276
DB18704,7277
DB18718,7278
DB18719,7279
DB18725,7280
DB18736,7281
DB18740,7282
DB18752,7283
DB18759,7284
DB18767,7285
DB18773,7286
DB18782,7287
DB18785,7288
DB18788,7289
DB18804,7290
DB18809,7291
DB18823,7292
DB18847,7293
DB18866,7294
DB18950,7295
DB18963,7296
DB18964,7297
DB19010,7298
DB19028,7299
DB19043,7300
DB19054,7301
DB19058,7302
DB19083,7303
DB19085,7304
DB19088,7305
DB19090,7306
DB19094,7307
DB19123,7308
DB19129,7309
DB19130,7310
DB19160,7311
DB19168,7312
DB19177,7313
DB19193,7314
DB19198,7315
DB19199,7316
DB19201,7317
DB19202,7318
DB19205,7319
DB19206,4008
DB19243,7320
DB19255,7321
DB19257,7322
DB19277,7323
DB19281,7324
DB19283,7325
DB19306,7326
DB19312,7327
DB19314,7328
DB19329,7329
DB19353,7330
DB19372,7331
DB19378,7332
DB19381,7333
DB19397,7334
DB08804|DB00984,6712
DB07364,7344
DB04098,7349
DB00021,352
DB13295,4756
DB08987,4447
DB13584,1044
